MinX,MaxX,MinY,MaxY
144.4,144.5,-38.1,-38.0
144.4,144.5,-38.3,-38.2
144.5,144.6,-38.3,-38.2
145.1,145.2,-38.3,-38.2
145.2,145.3,-38.3,-38.2
145.3,145.4,-38.3,-38.2
145.4,145.5,-38.3,-38.2
145.1,145.2,-38.4,-38.3
145.2,145.3,-38.4,-38.3
145.3,145.4,-38.4,-38.3
145.4,145.5,-38.4,-38.3
145.5,145.6,-38.4,-38.3
145.2,145.3,-38.5,-38.4
145.3,145.4,-38.5,-38.4
145.4,145.5,-38.5,-38.4
145.5,145.6,-38.5,-38.4
143.9,144.0,-38.6,-38.5
145.2,145.3,-38.6,-38.5
145.3,145.4,-38.6,-38.5
145.4,145.5,-38.6,-38.5
145.7,145.8,-38.7,-38.6
145.8,145.9,-38.7,-38.6
146.2,146.3,-38.7,-38.6
146.3,146.4,-38.7,-38.6
146.4,146.5,-38.7,-38.6
146.5,146.6,-38.7,-38.6
146.6,146.7,-38.7,-38.6
146.7,146.8,-38.7,-38.6
146.8,146.9,-38.7,-38.6
146.9,147.0,-38.7,-38.6
146.1,146.2,-38.8,-38.7
146.2,146.3,-38.8,-38.7
146.3,146.4,-38.8,-38.7
146.4,146.5,-38.8,-38.7
146.5,146.6,-38.8,-38.7
146.6,146.7,-38.8,-38.7
146.7,146.8,-38.8,-38.7
146.2,146.3,-38.9,-38.8
146.3,146.4,-38.9,-38.8
146.4,146.5,-38.9,-38.8
152.3,152.4,-32.2,-32.1
152.4,152.5,-32.2,-32.1
152.5,152.6,-32.2,-32.1
152.3,152.4,-32.3,-32.2
152.4,152.5,-32.3,-32.2
152.5,152.6,-32.3,-32.2
152.4,152.5,-32.4,-32.3
152.5,152.6,-32.4,-32.3
151.9,152.0,-32.6,-32.5
152.0,152.1,-32.6,-32.5
151.9,152.0,-32.7,-32.6
152.0,152.1,-32.7,-32.6
152.1,152.2,-32.7,-32.6
151.6,151.7,-32.8,-32.7
151.7,151.8,-32.8,-32.7
151.9,152.0,-32.8,-32.7
152.0,152.1,-32.8,-32.7
152.1,152.2,-32.8,-32.7
151.6,151.7,-32.9,-32.8
151.7,151.8,-32.9,-32.8
151.8,151.9,-32.9,-32.8
151.7,151.8,-33.0,-32.9
151.6,151.7,-33.1,-33.0
151.6,151.7,-33.2,-33.1
151.5,151.6,-33.3,-33.2
151.0,151.1,-33.4,-33.3
151.4,151.5,-33.4,-33.3
151.0,151.1,-33.5,-33.4
151.1,151.2,-33.5,-33.4
151.2,151.3,-33.5,-33.4
151.3,151.4,-33.5,-33.4
151.4,151.5,-33.5,-33.4
151.1,151.2,-33.6,-33.5
151.2,151.3,-33.6,-33.5
151.3,151.4,-33.6,-33.5
151.1,151.2,-33.7,-33.6
151.3,151.4,-33.7,-33.6
151.1,151.2,-33.8,-33.7
151.2,151.3,-33.8,-33.7
151.0,151.1,-33.9,-33.8
151.1,151.2,-33.9,-33.8
151.2,151.3,-33.9,-33.8
150.9,151.0,-34.0,-33.9
151.0,151.1,-34.0,-33.9
151.1,151.2,-34.0,-33.9
151.2,151.3,-34.0,-33.9
151.0,151.1,-34.1,-34.0
151.1,151.2,-34.1,-34.0
151.2,151.3,-34.1,-34.0
150.8,150.9,-34.4,-34.3
150.9,151.0,-34.4,-34.3
150.8,150.9,-34.5,-34.4
150.9,151.0,-34.5,-34.4
150.8,150.9,-34.7,-34.6
150.6,150.7,-34.9,-34.8
150.7,150.8,-34.9,-34.8
150.6,150.7,-35.0,-34.9
150.7,150.8,-35.0,-34.9
150.5,150.6,-35.1,-35.0
150.6,150.7,-35.1,-35.0
150.7,150.8,-35.1,-35.0
150.5,150.6,-35.2,-35.1
150.6,150.7,-35.2,-35.1
150.4,150.5,-35.3,-35.2
150.5,150.6,-35.3,-35.2
150.4,150.5,-35.4,-35.3
150.1,150.2,-35.7,-35.6
150.2,150.3,-35.7,-35.6
150.1,150.2,-35.8,-35.7
150.2,150.3,-35.8,-35.7
150.0,150.1,-35.9,-35.8
150.1,150.2,-35.9,-35.8
150.0,150.1,-36.0,-35.9
150.1,150.2,-36.0,-35.9
150.0,150.1,-36.1,-36.0
150.1,150.2,-36.1,-36.0
150.1,150.2,-36.2,-36.1
150.1,150.2,-36.3,-36.2
150.0,150.1,-36.5,-36.4
150.0,150.1,-36.6,-36.5
149.9,150.0,-36.7,-36.6
150.0,150.1,-36.7,-36.6
149.9,150.0,-36.8,-36.7
149.8,149.9,-37.0,-36.9
149.9,150.0,-37.1,-37.0
137.7,137.8,-32.5,-32.4
137.7,137.8,-32.6,-32.5
137.8,137.9,-32.6,-32.5
137.7,137.8,-32.7,-32.6
137.8,137.9,-32.7,-32.6
137.7,137.8,-32.8,-32.7
137.8,137.9,-32.8,-32.7
137.9,138.0,-32.8,-32.7
137.5,137.6,-33.0,-32.9
137.6,137.7,-33.0,-32.9
137.9,138.0,-33.0,-32.9
137.5,137.6,-33.1,-33.0
137.6,137.7,-33.1,-33.0
137.9,138.0,-33.1,-33.0
138.0,138.1,-33.1,-33.0
137.4,137.5,-33.2,-33.1
137.5,137.6,-33.2,-33.1
137.8,137.9,-33.2,-33.1
137.9,138.0,-33.2,-33.1
138.0,138.1,-33.2,-33.1
137.3,137.4,-33.3,-33.2
137.4,137.5,-33.3,-33.2
137.8,137.9,-33.3,-33.2
137.9,138.0,-33.3,-33.2
137.3,137.4,-33.4,-33.3
137.8,137.9,-33.4,-33.3
137.2,137.3,-33.5,-33.4
137.3,137.4,-33.5,-33.4
137.2,137.3,-33.6,-33.5
137.3,137.4,-33.6,-33.5
137.8,137.9,-33.6,-33.5
137.9,138.0,-33.6,-33.5
136.9,137.0,-33.7,-33.6
137.0,137.1,-33.7,-33.6
137.1,137.2,-33.7,-33.6
137.2,137.3,-33.7,-33.6
137.7,137.8,-33.7,-33.6
137.8,137.9,-33.7,-33.6
137.9,138.0,-33.7,-33.6
136.8,136.9,-33.8,-33.7
136.9,137.0,-33.8,-33.7
137.0,137.1,-33.8,-33.7
137.1,137.2,-33.8,-33.7
136.5,136.6,-34.0,-33.9
137.5,137.6,-34.0,-33.9
137.5,137.6,-34.1,-34.0
138.0,138.1,-34.2,-34.1
138.1,138.2,-34.2,-34.1
137.9,138.0,-34.3,-34.2
138.0,138.1,-34.3,-34.2
138.1,138.2,-34.3,-34.2
138.0,138.1,-34.4,-34.3
138.2,138.3,-34.5,-34.4
138.3,138.4,-34.6,-34.5
138.4,138.5,-34.6,-34.5
138.3,138.4,-34.7,-34.6
138.4,138.5,-34.7,-34.6
138.4,138.5,-34.8,-34.7
138.5,138.6,-34.8,-34.7
138.5,138.6,-34.9,-34.8
139.4,139.5,-35.9,-35.8
139.4,139.5,-36.0,-35.9
133.4,133.5,-32.1,-32.0
133.5,133.6,-32.1,-32.0
133.6,133.7,-32.1,-32.0
133.3,133.4,-32.2,-32.1
133.4,133.5,-32.2,-32.1
133.5,133.6,-32.2,-32.1
133.6,133.7,-32.2,-32.1
133.5,133.6,-32.3,-32.2
133.6,133.7,-32.3,-32.2
133.7,133.8,-32.3,-32.2
133.8,133.9,-32.3,-32.2
133.7,133.8,-32.4,-32.3
133.8,133.9,-32.4,-32.3
133.9,134.0,-32.4,-32.3
133.8,133.9,-32.5,-32.4
133.9,134.0,-32.5,-32.4
134.0,134.1,-32.5,-32.4
134.1,134.2,-32.5,-32.4
134.1,134.2,-32.8,-32.7
134.2,134.3,-32.8,-32.7
134.2,134.3,-33.1,-33.0
134.2,134.3,-33.2,-33.1
134.3,134.4,-33.2,-33.1
134.6,134.7,-33.3,-33.2
134.7,134.8,-33.3,-33.2
126.9,127.0,-13.7,-13.6
126.1,126.2,-13.8,-13.7
126.7,126.8,-13.8,-13.7
126.8,126.9,-13.8,-13.7
126.9,127.0,-13.8,-13.7
127.0,127.1,-13.8,-13.7
126.3,126.4,-13.9,-13.8
126.5,126.6,-13.9,-13.8
126.6,126.7,-13.9,-13.8
126.7,126.8,-13.9,-13.8
126.8,126.9,-13.9,-13.8
126.9,127.0,-13.9,-13.8
127.0,127.1,-13.9,-13.8
127.1,127.2,-13.9,-13.8
126.0,126.1,-14.0,-13.9
126.1,126.2,-14.0,-13.9
126.2,126.3,-14.0,-13.9
126.3,126.4,-14.0,-13.9
126.4,126.5,-14.0,-13.9
126.5,126.6,-14.0,-13.9
126.6,126.7,-14.0,-13.9
126.7,126.8,-14.0,-13.9
126.8,126.9,-14.0,-13.9
126.9,127.0,-14.0,-13.9
127.0,127.1,-14.0,-13.9
127.1,127.2,-14.0,-13.9
127.2,127.3,-14.0,-13.9
127.3,127.4,-14.0,-13.9
127.4,127.5,-14.0,-13.9
125.9,126.0,-14.1,-14.0
126.0,126.1,-14.1,-14.0
126.1,126.2,-14.1,-14.0
126.2,126.3,-14.1,-14.0
126.3,126.4,-14.1,-14.0
126.4,126.5,-14.1,-14.0
126.5,126.6,-14.1,-14.0
126.6,126.7,-14.1,-14.0
126.7,126.8,-14.1,-14.0
126.8,126.9,-14.1,-14.0
126.9,127.0,-14.1,-14.0
127.3,127.4,-14.1,-14.0
127.4,127.5,-14.1,-14.0
127.5,127.6,-14.1,-14.0
125.6,125.7,-14.2,-14.1
126.1,126.2,-14.2,-14.1
126.2,126.3,-14.2,-14.1
126.3,126.4,-14.2,-14.1
126.4,126.5,-14.2,-14.1
126.5,126.6,-14.2,-14.1
126.6,126.7,-14.2,-14.1
126.7,126.8,-14.2,-14.1
127.5,127.6,-14.2,-14.1
127.6,127.7,-14.2,-14.1
125.5,125.6,-14.3,-14.2
125.6,125.7,-14.3,-14.2
125.7,125.8,-14.3,-14.2
125.9,126.0,-14.3,-14.2
126.0,126.1,-14.3,-14.2
126.1,126.2,-14.3,-14.2
126.2,126.3,-14.3,-14.2
126.3,126.4,-14.3,-14.2
126.5,126.6,-14.3,-14.2
126.6,126.7,-14.3,-14.2
127.6,127.7,-14.3,-14.2
127.7,127.8,-14.3,-14.2
125.5,125.6,-14.4,-14.3
125.6,125.7,-14.4,-14.3
125.7,125.8,-14.4,-14.3
125.9,126.0,-14.4,-14.3
126.0,126.1,-14.4,-14.3
127.7,127.8,-14.4,-14.3
127.8,127.9,-14.4,-14.3
125.1,125.2,-14.5,-14.4
125.2,125.3,-14.5,-14.4
125.4,125.5,-14.5,-14.4
125.5,125.6,-14.5,-14.4
125.6,125.7,-14.5,-14.4
125.7,125.8,-14.5,-14.4
125.8,125.9,-14.5,-14.4
125.9,126.0,-14.5,-14.4
126.0,126.1,-14.5,-14.4
127.6,127.7,-14.5,-14.4
127.7,127.8,-14.5,-14.4
127.8,127.9,-14.5,-14.4
125.0,125.1,-14.6,-14.5
125.1,125.2,-14.6,-14.5
125.2,125.3,-14.6,-14.5
125.3,125.4,-14.6,-14.5
125.4,125.5,-14.6,-14.5
125.5,125.6,-14.6,-14.5
125.6,125.7,-14.6,-14.5
125.7,125.8,-14.6,-14.5
125.8,125.9,-14.6,-14.5
125.9,126.0,-14.6,-14.5
126.0,126.1,-14.6,-14.5
127.8,127.9,-14.6,-14.5
127.9,128.0,-14.6,-14.5
128.0,128.1,-14.6,-14.5
125.0,125.1,-14.7,-14.6
125.1,125.2,-14.7,-14.6
125.2,125.3,-14.7,-14.6
125.3,125.4,-14.7,-14.6
125.4,125.5,-14.7,-14.6
125.6,125.7,-14.7,-14.6
125.8,125.9,-14.7,-14.6
125.9,126.0,-14.7,-14.6
127.9,128.0,-14.7,-14.6
128.0,128.1,-14.7,-14.6
128.1,128.2,-14.7,-14.6
125.1,125.2,-14.8,-14.7
125.2,125.3,-14.8,-14.7
125.6,125.7,-14.8,-14.7
125.8,125.9,-14.8,-14.7
125.9,126.0,-14.8,-14.7
128.1,128.2,-14.8,-14.7
128.2,128.3,-14.8,-14.7
128.3,128.4,-14.8,-14.7
128.4,128.5,-14.8,-14.7
128.5,128.6,-14.8,-14.7
128.6,128.7,-14.8,-14.7
128.7,128.8,-14.8,-14.7
125.1,125.2,-14.9,-14.8
125.2,125.3,-14.9,-14.8
125.3,125.4,-14.9,-14.8
128.0,128.1,-14.9,-14.8
128.1,128.2,-14.9,-14.8
128.3,128.4,-14.9,-14.8
128.4,128.5,-14.9,-14.8
128.5,128.6,-14.9,-14.8
128.6,128.7,-14.9,-14.8
128.7,128.8,-14.9,-14.8
128.8,128.9,-14.9,-14.8
128.9,129.0,-14.9,-14.8
125.1,125.2,-15.0,-14.9
125.2,125.3,-15.0,-14.9
125.3,125.4,-15.0,-14.9
125.4,125.5,-15.0,-14.9
125.5,125.6,-15.0,-14.9
128.0,128.1,-15.0,-14.9
128.1,128.2,-15.0,-14.9
128.2,128.3,-15.0,-14.9
128.3,128.4,-15.0,-14.9
128.4,128.5,-15.0,-14.9
128.5,128.6,-15.0,-14.9
128.7,128.8,-15.0,-14.9
128.9,129.0,-15.0,-14.9
124.7,124.8,-15.1,-15.0
124.8,124.9,-15.1,-15.0
124.9,125.0,-15.1,-15.0
125.0,125.1,-15.1,-15.0
125.1,125.2,-15.1,-15.0
125.2,125.3,-15.1,-15.0
125.3,125.4,-15.1,-15.0
125.4,125.5,-15.1,-15.0
128.0,128.1,-15.1,-15.0
128.1,128.2,-15.1,-15.0
128.2,128.3,-15.1,-15.0
128.3,128.4,-15.1,-15.0
128.4,128.5,-15.1,-15.0
128.5,128.6,-15.1,-15.0
124.8,124.9,-15.2,-15.1
124.9,125.0,-15.2,-15.1
125.0,125.1,-15.2,-15.1
125.1,125.2,-15.2,-15.1
125.2,125.3,-15.2,-15.1
125.3,125.4,-15.2,-15.1
125.4,125.5,-15.2,-15.1
125.5,125.6,-15.2,-15.1
127.8,127.9,-15.2,-15.1
127.9,128.0,-15.2,-15.1
128.0,128.1,-15.2,-15.1
128.1,128.2,-15.2,-15.1
128.2,128.3,-15.2,-15.1
128.3,128.4,-15.2,-15.1
128.4,128.5,-15.2,-15.1
124.2,124.3,-15.3,-15.2
124.3,124.4,-15.3,-15.2
124.4,124.5,-15.3,-15.2
124.5,124.6,-15.3,-15.2
124.6,124.7,-15.3,-15.2
124.7,124.8,-15.3,-15.2
124.8,124.9,-15.3,-15.2
124.9,125.0,-15.3,-15.2
125.0,125.1,-15.3,-15.2
125.1,125.2,-15.3,-15.2
125.3,125.4,-15.3,-15.2
125.5,125.6,-15.3,-15.2
127.8,127.9,-15.3,-15.2
127.9,128.0,-15.3,-15.2
128.0,128.1,-15.3,-15.2
128.1,128.2,-15.3,-15.2
128.2,128.3,-15.3,-15.2
128.3,128.4,-15.3,-15.2
124.1,124.2,-15.4,-15.3
124.2,124.3,-15.4,-15.3
124.3,124.4,-15.4,-15.3
124.4,124.5,-15.4,-15.3
124.5,124.6,-15.4,-15.3
124.6,124.7,-15.4,-15.3
124.7,124.8,-15.4,-15.3
124.8,124.9,-15.4,-15.3
124.9,125.0,-15.4,-15.3
125.0,125.1,-15.4,-15.3
125.1,125.2,-15.4,-15.3
128.0,128.1,-15.4,-15.3
128.1,128.2,-15.4,-15.3
128.2,128.3,-15.4,-15.3
128.3,128.4,-15.4,-15.3
124.4,124.5,-15.5,-15.4
124.5,124.6,-15.5,-15.4
124.6,124.7,-15.5,-15.4
124.8,124.9,-15.5,-15.4
124.9,125.0,-15.5,-15.4
125.0,125.1,-15.5,-15.4
125.1,125.2,-15.5,-15.4
125.2,125.3,-15.5,-15.4
128.0,128.1,-15.5,-15.4
128.1,128.2,-15.5,-15.4
128.2,128.3,-15.5,-15.4
128.3,128.4,-15.5,-15.4
124.4,124.5,-15.6,-15.5
124.5,124.6,-15.6,-15.5
124.6,124.7,-15.6,-15.5
124.9,125.0,-15.6,-15.5
125.0,125.1,-15.6,-15.5
125.1,125.2,-15.6,-15.5
125.2,125.3,-15.6,-15.5
125.3,125.4,-15.6,-15.5
127.7,127.8,-15.6,-15.5
127.8,127.9,-15.6,-15.5
127.9,128.0,-15.6,-15.5
128.0,128.1,-15.6,-15.5
128.1,128.2,-15.6,-15.5
128.3,128.4,-15.6,-15.5
124.3,124.4,-15.7,-15.6
124.4,124.5,-15.7,-15.6
124.6,124.7,-15.7,-15.6
124.7,124.8,-15.7,-15.6
124.8,124.9,-15.7,-15.6
125.2,125.3,-15.7,-15.6
125.3,125.4,-15.7,-15.6
125.4,125.5,-15.7,-15.6
127.7,127.8,-15.7,-15.6
127.8,127.9,-15.7,-15.6
127.9,128.0,-15.7,-15.6
128.0,128.1,-15.7,-15.6
128.1,128.2,-15.7,-15.6
124.3,124.4,-15.8,-15.7
124.4,124.5,-15.8,-15.7
124.6,124.7,-15.8,-15.7
124.7,124.8,-15.8,-15.7
127.8,127.9,-15.8,-15.7
124.4,124.5,-15.9,-15.8
124.5,124.6,-15.9,-15.8
124.6,124.7,-15.9,-15.8
124.7,124.8,-15.9,-15.8
124.1,124.2,-16.0,-15.9
124.2,124.3,-16.0,-15.9
124.4,124.5,-16.0,-15.9
124.5,124.6,-16.0,-15.9
124.6,124.7,-16.0,-15.9
124.7,124.8,-16.0,-15.9
123.2,123.3,-16.1,-16.0
123.3,123.4,-16.1,-16.0
123.4,123.5,-16.1,-16.0
123.5,123.6,-16.1,-16.0
124.0,124.1,-16.1,-16.0
124.1,124.2,-16.1,-16.0
124.4,124.5,-16.1,-16.0
124.5,124.6,-16.1,-16.0
124.6,124.7,-16.1,-16.0
124.7,124.8,-16.1,-16.0
123.2,123.3,-16.2,-16.1
123.3,123.4,-16.2,-16.1
123.4,123.5,-16.2,-16.1
123.5,123.6,-16.2,-16.1
123.6,123.7,-16.2,-16.1
123.7,123.8,-16.2,-16.1
123.8,123.9,-16.2,-16.1
123.9,124.0,-16.2,-16.1
124.0,124.1,-16.2,-16.1
124.1,124.2,-16.2,-16.1
124.3,124.4,-16.2,-16.1
124.4,124.5,-16.2,-16.1
124.5,124.6,-16.2,-16.1
124.6,124.7,-16.2,-16.1
123.3,123.4,-16.3,-16.2
123.4,123.5,-16.3,-16.2
123.5,123.6,-16.3,-16.2
123.6,123.7,-16.3,-16.2
123.7,123.8,-16.3,-16.2
123.8,123.9,-16.3,-16.2
123.9,124.0,-16.3,-16.2
124.0,124.1,-16.3,-16.2
124.1,124.2,-16.3,-16.2
124.3,124.4,-16.3,-16.2
124.4,124.5,-16.3,-16.2
124.5,124.6,-16.3,-16.2
124.6,124.7,-16.3,-16.2
122.9,123.0,-16.4,-16.3
123.0,123.1,-16.4,-16.3
123.1,123.2,-16.4,-16.3
123.2,123.3,-16.4,-16.3
123.3,123.4,-16.4,-16.3
123.4,123.5,-16.4,-16.3
123.5,123.6,-16.4,-16.3
123.6,123.7,-16.4,-16.3
123.7,123.8,-16.4,-16.3
123.8,123.9,-16.4,-16.3
123.9,124.0,-16.4,-16.3
124.0,124.1,-16.4,-16.3
124.1,124.2,-16.4,-16.3
124.2,124.3,-16.4,-16.3
124.3,124.4,-16.4,-16.3
124.4,124.5,-16.4,-16.3
124.5,124.6,-16.4,-16.3
124.6,124.7,-16.4,-16.3
124.7,124.8,-16.4,-16.3
124.8,124.9,-16.4,-16.3
124.9,125.0,-16.4,-16.3
122.8,122.9,-16.5,-16.4
122.9,123.0,-16.5,-16.4
123.0,123.1,-16.5,-16.4
123.1,123.2,-16.5,-16.4
123.2,123.3,-16.5,-16.4
123.3,123.4,-16.5,-16.4
123.4,123.5,-16.5,-16.4
123.5,123.6,-16.5,-16.4
123.6,123.7,-16.5,-16.4
123.7,123.8,-16.5,-16.4
123.8,123.9,-16.5,-16.4
123.9,124.0,-16.5,-16.4
124.0,124.1,-16.5,-16.4
124.1,124.2,-16.5,-16.4
124.2,124.3,-16.5,-16.4
124.3,124.4,-16.5,-16.4
124.4,124.5,-16.5,-16.4
124.5,124.6,-16.5,-16.4
124.6,124.7,-16.5,-16.4
124.7,124.8,-16.5,-16.4
124.8,124.9,-16.5,-16.4
124.9,125.0,-16.5,-16.4
122.7,122.8,-16.6,-16.5
122.8,122.9,-16.6,-16.5
122.9,123.0,-16.6,-16.5
123.0,123.1,-16.6,-16.5
123.3,123.4,-16.6,-16.5
123.4,123.5,-16.6,-16.5
123.5,123.6,-16.6,-16.5
123.6,123.7,-16.6,-16.5
124.3,124.4,-16.6,-16.5
124.4,124.5,-16.6,-16.5
124.5,124.6,-16.6,-16.5
122.7,122.8,-16.7,-16.6
122.9,123.0,-16.7,-16.6
123.0,123.1,-16.7,-16.6
123.1,123.2,-16.7,-16.6
123.3,123.4,-16.7,-16.6
123.4,123.5,-16.7,-16.6
123.5,123.6,-16.7,-16.6
123.6,123.7,-16.7,-16.6
124.3,124.4,-16.7,-16.6
124.4,124.5,-16.7,-16.6
122.5,122.6,-16.8,-16.7
122.7,122.8,-16.8,-16.7
122.8,122.9,-16.8,-16.7
123.0,123.1,-16.8,-16.7
123.1,123.2,-16.8,-16.7
123.6,123.7,-16.8,-16.7
123.7,123.8,-16.8,-16.7
122.4,122.5,-16.9,-16.8
122.5,122.6,-16.9,-16.8
123.0,123.1,-16.9,-16.8
123.1,123.2,-16.9,-16.8
123.7,123.8,-16.9,-16.8
123.8,123.9,-16.9,-16.8
123.9,124.0,-16.9,-16.8
122.3,122.4,-17.0,-16.9
122.4,122.5,-17.0,-16.9
122.5,122.6,-17.0,-16.9
122.6,122.7,-17.0,-16.9
123.1,123.2,-17.0,-16.9
123.2,123.3,-17.0,-16.9
123.6,123.7,-17.0,-16.9
123.7,123.8,-17.0,-16.9
123.8,123.9,-17.0,-16.9
123.9,124.0,-17.0,-16.9
122.2,122.3,-17.1,-17.0
122.3,122.4,-17.1,-17.0
122.4,122.5,-17.1,-17.0
123.2,123.3,-17.1,-17.0
123.3,123.4,-17.1,-17.0
123.5,123.6,-17.1,-17.0
123.6,123.7,-17.1,-17.0
123.7,123.8,-17.1,-17.0
123.8,123.9,-17.1,-17.0
123.9,124.0,-17.1,-17.0
122.2,122.3,-17.2,-17.1
122.3,122.4,-17.2,-17.1
123.2,123.3,-17.2,-17.1
123.3,123.4,-17.2,-17.1
123.5,123.6,-17.2,-17.1
123.6,123.7,-17.2,-17.1
123.7,123.8,-17.2,-17.1
123.8,123.9,-17.2,-17.1
123.9,124.0,-17.2,-17.1
122.1,122.2,-17.3,-17.2
122.2,122.3,-17.3,-17.2
123.3,123.4,-17.3,-17.2
123.4,123.5,-17.3,-17.2
123.5,123.6,-17.3,-17.2
123.6,123.7,-17.3,-17.2
123.7,123.8,-17.3,-17.2
123.8,123.9,-17.3,-17.2
123.9,124.0,-17.3,-17.2
123.3,123.4,-17.4,-17.3
123.4,123.5,-17.4,-17.3
123.5,123.6,-17.4,-17.3
123.6,123.7,-17.4,-17.3
123.4,123.5,-17.5,-17.4
123.5,123.6,-17.5,-17.4
123.6,123.7,-17.5,-17.4
123.4,123.5,-17.6,-17.5
123.5,123.6,-17.6,-17.5
123.6,123.7,-17.6,-17.5
122.1,122.2,-17.7,-17.6
122.2,122.3,-17.7,-17.6
122.1,122.2,-17.8,-17.7
122.2,122.3,-17.8,-17.7
122.2,122.3,-17.9,-17.8
122.2,122.3,-18.0,-17.9
136.7,136.8,-11.1,-11.0
136.6,136.7,-11.2,-11.1
136.7,136.8,-11.2,-11.1
136.5,136.6,-11.3,-11.2
136.6,136.7,-11.3,-11.2
136.4,136.5,-11.4,-11.3
136.5,136.6,-11.4,-11.3
133.4,133.5,-11.5,-11.4
136.4,136.5,-11.5,-11.4
136.5,136.6,-11.5,-11.4
133.0,133.1,-11.6,-11.5
133.3,133.4,-11.6,-11.5
133.4,133.5,-11.6,-11.5
136.2,136.3,-11.6,-11.5
136.3,136.4,-11.6,-11.5
136.4,136.5,-11.6,-11.5
133.3,133.4,-11.7,-11.6
133.4,133.5,-11.7,-11.6
135.9,136.0,-11.7,-11.6
136.0,136.1,-11.7,-11.6
136.1,136.2,-11.7,-11.6
136.2,136.3,-11.7,-11.6
136.3,136.4,-11.7,-11.6
133.1,133.2,-11.8,-11.7
133.2,133.3,-11.8,-11.7
133.3,133.4,-11.8,-11.7
133.4,133.5,-11.8,-11.7
133.5,133.6,-11.8,-11.7
133.6,133.7,-11.8,-11.7
133.7,133.8,-11.8,-11.7
133.8,133.9,-11.8,-11.7
133.9,134.0,-11.8,-11.7
135.8,135.9,-11.8,-11.7
135.9,136.0,-11.8,-11.7
136.0,136.1,-11.8,-11.7
136.5,136.6,-11.8,-11.7
133.3,133.4,-11.9,-11.8
133.4,133.5,-11.9,-11.8
133.5,133.6,-11.9,-11.8
133.6,133.7,-11.9,-11.8
133.7,133.8,-11.9,-11.8
133.8,133.9,-11.9,-11.8
133.9,134.0,-11.9,-11.8
134.0,134.1,-11.9,-11.8
135.8,135.9,-11.9,-11.8
135.9,136.0,-11.9,-11.8
136.3,136.4,-11.9,-11.8
136.4,136.5,-11.9,-11.8
136.5,136.6,-11.9,-11.8
133.3,133.4,-12.0,-11.9
133.4,133.5,-12.0,-11.9
133.5,133.6,-12.0,-11.9
133.7,133.8,-12.0,-11.9
133.8,133.9,-12.0,-11.9
133.9,134.0,-12.0,-11.9
134.0,134.1,-12.0,-11.9
134.1,134.2,-12.0,-11.9
134.2,134.3,-12.0,-11.9
134.6,134.7,-12.0,-11.9
134.7,134.8,-12.0,-11.9
135.5,135.6,-12.0,-11.9
135.6,135.7,-12.0,-11.9
135.7,135.8,-12.0,-11.9
135.8,135.9,-12.0,-11.9
136.2,136.3,-12.0,-11.9
136.3,136.4,-12.0,-11.9
136.4,136.5,-12.0,-11.9
136.5,136.6,-12.0,-11.9
134.1,134.2,-12.1,-12.0
134.2,134.3,-12.1,-12.0
134.3,134.4,-12.1,-12.0
134.4,134.5,-12.1,-12.0
134.5,134.6,-12.1,-12.0
134.6,134.7,-12.1,-12.0
134.7,134.8,-12.1,-12.0
134.8,134.9,-12.1,-12.0
134.9,135.0,-12.1,-12.0
135.0,135.1,-12.1,-12.0
135.3,135.4,-12.1,-12.0
135.4,135.5,-12.1,-12.0
135.5,135.6,-12.1,-12.0
135.6,135.7,-12.1,-12.0
135.7,135.8,-12.1,-12.0
135.9,136.0,-12.1,-12.0
136.0,136.1,-12.1,-12.0
136.1,136.2,-12.1,-12.0
136.2,136.3,-12.1,-12.0
136.3,136.4,-12.1,-12.0
136.4,136.5,-12.1,-12.0
136.5,136.6,-12.1,-12.0
136.7,136.8,-12.1,-12.0
136.8,136.9,-12.1,-12.0
134.0,134.1,-12.2,-12.1
134.1,134.2,-12.2,-12.1
134.2,134.3,-12.2,-12.1
134.4,134.5,-12.2,-12.1
134.5,134.6,-12.2,-12.1
134.6,134.7,-12.2,-12.1
134.7,134.8,-12.2,-12.1
134.8,134.9,-12.2,-12.1
134.9,135.0,-12.2,-12.1
135.2,135.3,-12.2,-12.1
135.3,135.4,-12.2,-12.1
135.4,135.5,-12.2,-12.1
135.5,135.6,-12.2,-12.1
135.6,135.7,-12.2,-12.1
135.8,135.9,-12.2,-12.1
135.9,136.0,-12.2,-12.1
136.0,136.1,-12.2,-12.1
136.1,136.2,-12.2,-12.1
136.2,136.3,-12.2,-12.1
136.3,136.4,-12.2,-12.1
136.4,136.5,-12.2,-12.1
136.5,136.6,-12.2,-12.1
136.6,136.7,-12.2,-12.1
136.7,136.8,-12.2,-12.1
136.8,136.9,-12.2,-12.1
134.0,134.1,-12.3,-12.2
134.1,134.2,-12.3,-12.2
134.2,134.3,-12.3,-12.2
134.5,134.6,-12.3,-12.2
134.6,134.7,-12.3,-12.2
134.7,134.8,-12.3,-12.2
134.8,134.9,-12.3,-12.2
134.9,135.0,-12.3,-12.2
135.0,135.1,-12.3,-12.2
135.1,135.2,-12.3,-12.2
135.2,135.3,-12.3,-12.2
135.3,135.4,-12.3,-12.2
135.4,135.5,-12.3,-12.2
135.5,135.6,-12.3,-12.2
135.6,135.7,-12.3,-12.2
135.7,135.8,-12.3,-12.2
135.8,135.9,-12.3,-12.2
135.9,136.0,-12.3,-12.2
136.0,136.1,-12.3,-12.2
136.2,136.3,-12.3,-12.2
136.3,136.4,-12.3,-12.2
136.4,136.5,-12.3,-12.2
136.5,136.6,-12.3,-12.2
136.6,136.7,-12.3,-12.2
136.7,136.8,-12.3,-12.2
136.8,136.9,-12.3,-12.2
136.9,137.0,-12.3,-12.2
134.1,134.2,-12.4,-12.3
134.9,135.0,-12.4,-12.3
135.0,135.1,-12.4,-12.3
135.1,135.2,-12.4,-12.3
135.2,135.3,-12.4,-12.3
135.3,135.4,-12.4,-12.3
135.6,135.7,-12.4,-12.3
135.7,135.8,-12.4,-12.3
135.8,135.9,-12.4,-12.3
135.9,136.0,-12.4,-12.3
136.0,136.1,-12.4,-12.3
136.1,136.2,-12.4,-12.3
136.2,136.3,-12.4,-12.3
136.3,136.4,-12.4,-12.3
136.4,136.5,-12.4,-12.3
136.6,136.7,-12.4,-12.3
136.7,136.8,-12.4,-12.3
136.8,136.9,-12.4,-12.3
136.9,137.0,-12.4,-12.3
135.0,135.1,-12.5,-12.4
135.3,135.4,-12.5,-12.4
135.6,135.7,-12.5,-12.4
135.8,135.9,-12.5,-12.4
135.9,136.0,-12.5,-12.4
136.0,136.1,-12.5,-12.4
136.1,136.2,-12.5,-12.4
136.2,136.3,-12.5,-12.4
136.3,136.4,-12.5,-12.4
136.7,136.8,-12.5,-12.4
136.8,136.9,-12.5,-12.4
135.9,136.0,-12.6,-12.5
136.0,136.1,-12.6,-12.5
136.1,136.2,-12.6,-12.5
136.2,136.3,-12.6,-12.5
136.6,136.7,-12.6,-12.5
136.7,136.8,-12.6,-12.5
136.1,136.2,-12.7,-12.6
136.2,136.3,-12.7,-12.6
136.5,136.6,-12.7,-12.6
136.6,136.7,-12.7,-12.6
136.4,136.5,-12.8,-12.7
136.5,136.6,-12.8,-12.7
136.6,136.7,-12.8,-12.7
136.4,136.5,-12.9,-12.8
136.5,136.6,-12.9,-12.8
136.6,136.7,-12.9,-12.8
136.4,136.5,-13.0,-12.9
136.5,136.6,-13.0,-12.9
136.1,136.2,-13.1,-13.0
136.2,136.3,-13.1,-13.0
136.3,136.4,-13.1,-13.0
136.4,136.5,-13.1,-13.0
136.5,136.6,-13.1,-13.0
135.9,136.0,-13.2,-13.1
136.0,136.1,-13.2,-13.1
136.1,136.2,-13.2,-13.1
136.2,136.3,-13.2,-13.1
136.3,136.4,-13.2,-13.1
136.4,136.5,-13.2,-13.1
136.5,136.6,-13.2,-13.1
135.8,135.9,-13.3,-13.2
135.9,136.0,-13.3,-13.2
136.0,136.1,-13.3,-13.2
136.1,136.2,-13.3,-13.2
136.2,136.3,-13.3,-13.2
136.3,136.4,-13.3,-13.2
136.4,136.5,-13.3,-13.2
135.8,135.9,-13.4,-13.3
135.9,136.0,-13.4,-13.3
136.0,136.1,-13.4,-13.3
136.1,136.2,-13.4,-13.3
135.8,135.9,-13.5,-13.4
135.9,136.0,-13.5,-13.4
136.0,136.1,-13.5,-13.4
136.1,136.2,-13.5,-13.4
135.7,135.8,-13.6,-13.5
135.8,135.9,-13.6,-13.5
136.1,136.2,-13.6,-13.5
136.2,136.3,-13.6,-13.5
135.7,135.8,-13.7,-13.6
135.8,135.9,-13.7,-13.6
135.9,136.0,-13.7,-13.6
136.0,136.1,-13.7,-13.6
136.1,136.2,-13.7,-13.6
136.2,136.3,-13.7,-13.6
136.5,136.6,-13.7,-13.6
136.6,136.7,-13.7,-13.6
136.9,137.0,-13.7,-13.6
135.8,135.9,-13.8,-13.7
135.9,136.0,-13.8,-13.7
136.0,136.1,-13.8,-13.7
136.1,136.2,-13.8,-13.7
136.2,136.3,-13.8,-13.7
136.4,136.5,-13.8,-13.7
136.5,136.6,-13.8,-13.7
136.6,136.7,-13.8,-13.7
136.8,136.9,-13.8,-13.7
136.1,136.2,-13.9,-13.8
136.3,136.4,-13.9,-13.8
136.4,136.5,-13.9,-13.8
136.5,136.6,-13.9,-13.8
136.6,136.7,-13.9,-13.8
136.7,136.8,-13.9,-13.8
136.8,136.9,-13.9,-13.8
135.8,135.9,-14.0,-13.9
135.9,136.0,-14.0,-13.9
136.4,136.5,-14.0,-13.9
136.7,136.8,-14.0,-13.9
135.8,135.9,-14.1,-14.0
135.9,136.0,-14.1,-14.0
135.7,135.8,-14.2,-14.1
135.8,135.9,-14.2,-14.1
135.9,136.0,-14.2,-14.1
135.6,135.7,-14.3,-14.2
135.7,135.8,-14.3,-14.2
135.8,135.9,-14.3,-14.2
135.5,135.6,-14.4,-14.3
135.6,135.7,-14.4,-14.3
135.7,135.8,-14.4,-14.3
135.5,135.6,-14.5,-14.4
135.6,135.7,-14.5,-14.4
135.2,135.3,-14.6,-14.5
135.3,135.4,-14.6,-14.5
135.5,135.6,-14.6,-14.5
135.6,135.7,-14.6,-14.5
135.2,135.3,-14.7,-14.6
135.3,135.4,-14.7,-14.6
135.4,135.5,-14.7,-14.6
135.5,135.6,-14.7,-14.6
135.0,135.1,-14.8,-14.7
135.1,135.2,-14.8,-14.7
135.2,135.3,-14.8,-14.7
135.3,135.4,-14.8,-14.7
135.4,135.5,-14.8,-14.7
135.0,135.1,-14.9,-14.8
135.1,135.2,-14.9,-14.8
135.3,135.4,-14.9,-14.8
135.4,135.5,-14.9,-14.8
135.6,135.7,-14.9,-14.8
135.7,135.8,-14.9,-14.8
135.3,135.4,-15.0,-14.9
135.4,135.5,-15.0,-14.9
135.5,135.6,-15.0,-14.9
135.4,135.5,-15.1,-15.0
135.5,135.6,-15.1,-15.0
135.6,135.7,-15.1,-15.0
135.7,135.8,-15.1,-15.0
135.5,135.6,-15.2,-15.1
135.6,135.7,-15.2,-15.1
135.7,135.8,-15.2,-15.1
135.8,135.9,-15.2,-15.1
135.4,135.5,-15.3,-15.2
135.5,135.6,-15.3,-15.2
135.6,135.7,-15.3,-15.2
135.8,135.9,-15.3,-15.2
135.9,136.0,-15.3,-15.2
136.0,136.1,-15.3,-15.2
135.3,135.4,-15.4,-15.3
135.4,135.5,-15.4,-15.3
135.5,135.6,-15.4,-15.3
135.9,136.0,-15.4,-15.3
136.0,136.1,-15.4,-15.3
136.1,136.2,-15.4,-15.3
136.2,136.3,-15.4,-15.3
136.1,136.2,-15.5,-15.4
136.2,136.3,-15.5,-15.4
136.2,136.3,-15.6,-15.5
136.3,136.4,-15.6,-15.5
136.5,136.6,-15.6,-15.5
136.6,136.7,-15.6,-15.5
136.7,136.8,-15.6,-15.5
136.8,136.9,-15.6,-15.5
136.9,137.0,-15.6,-15.5
136.2,136.3,-15.7,-15.6
136.3,136.4,-15.7,-15.6
136.4,136.5,-15.7,-15.6
136.5,136.6,-15.7,-15.6
136.6,136.7,-15.7,-15.6
136.7,136.8,-15.7,-15.6
136.8,136.9,-15.7,-15.6
136.9,137.0,-15.7,-15.6
137.0,137.1,-15.7,-15.6
136.4,136.5,-15.8,-15.7
136.5,136.6,-15.8,-15.7
136.6,136.7,-15.8,-15.7
136.7,136.8,-15.8,-15.7
136.8,136.9,-15.8,-15.7
136.9,137.0,-15.8,-15.7
137.0,137.1,-15.8,-15.7
136.4,136.5,-15.9,-15.8
136.5,136.6,-15.9,-15.8
136.6,136.7,-15.9,-15.8
136.7,136.8,-15.9,-15.8
136.9,137.0,-15.9,-15.8
137.0,137.1,-15.9,-15.8
136.4,136.5,-16.0,-15.9
136.5,136.6,-16.0,-15.9
136.6,136.7,-16.0,-15.9
136.7,136.8,-16.0,-15.9
136.8,136.9,-16.0,-15.9
136.9,137.0,-16.0,-15.9
137.0,137.1,-16.0,-15.9
137.1,137.2,-16.0,-15.9
137.2,137.3,-16.0,-15.9
136.6,136.7,-16.1,-16.0
136.7,136.8,-16.1,-16.0
136.8,136.9,-16.1,-16.0
136.9,137.0,-16.1,-16.0
137.0,137.1,-16.1,-16.0
137.1,137.2,-16.1,-16.0
137.2,137.3,-16.1,-16.0
137.3,137.4,-16.1,-16.0
137.1,137.2,-16.2,-16.1
137.2,137.3,-16.2,-16.1
137.3,137.4,-16.2,-16.1
137.4,137.5,-16.2,-16.1
137.5,137.6,-16.2,-16.1
137.6,137.7,-16.2,-16.1
137.1,137.2,-16.3,-16.2
137.3,137.4,-16.3,-16.2
137.4,137.5,-16.3,-16.2
137.5,137.6,-16.3,-16.2
137.6,137.7,-16.3,-16.2
137.7,137.8,-16.3,-16.2
137.6,137.7,-16.4,-16.3
137.7,137.8,-16.4,-16.3
137.8,137.9,-16.4,-16.3
137.6,137.7,-16.5,-16.4
137.7,137.8,-16.5,-16.4
137.8,137.9,-16.5,-16.4
137.9,138.0,-16.5,-16.4
139.2,139.3,-16.5,-16.4
139.3,139.4,-16.5,-16.4
139.4,139.5,-16.5,-16.4
139.5,139.6,-16.5,-16.4
139.6,139.7,-16.5,-16.4
139.7,139.8,-16.5,-16.4
137.9,138.0,-16.6,-16.5
138.0,138.1,-16.6,-16.5
139.3,139.4,-16.6,-16.5
139.4,139.5,-16.6,-16.5
139.5,139.6,-16.6,-16.5
139.6,139.7,-16.6,-16.5
139.7,139.8,-16.6,-16.5
138.0,138.1,-16.7,-16.6
138.1,138.2,-16.7,-16.6
139.1,139.2,-16.7,-16.6
139.2,139.3,-16.7,-16.6
139.3,139.4,-16.7,-16.6
139.4,139.5,-16.7,-16.6
138.0,138.1,-16.8,-16.7
138.1,138.2,-16.8,-16.7
138.2,138.3,-16.8,-16.7
138.3,138.4,-16.8,-16.7
138.4,138.5,-16.8,-16.7
138.5,138.6,-16.8,-16.7
138.6,138.7,-16.8,-16.7
139.1,139.2,-16.8,-16.7
139.2,139.3,-16.8,-16.7
139.3,139.4,-16.8,-16.7
139.4,139.5,-16.8,-16.7
138.2,138.3,-16.9,-16.8
138.3,138.4,-16.9,-16.8
138.4,138.5,-16.9,-16.8
138.5,138.6,-16.9,-16.8
138.6,138.7,-16.9,-16.8
138.7,138.8,-16.9,-16.8
138.8,138.9,-16.9,-16.8
138.9,139.0,-16.9,-16.8
139.0,139.1,-16.9,-16.8
139.1,139.2,-16.9,-16.8
138.8,138.9,-17.0,-16.9
138.9,139.0,-17.0,-16.9
139.0,139.1,-17.0,-16.9
139.2,139.3,-17.0,-16.9
139.4,139.5,-17.0,-16.9
139.5,139.6,-17.0,-16.9
142.0,142.1,-10.1,-10.0
142.1,142.2,-10.1,-10.0
142.0,142.1,-10.2,-10.1
142.1,142.2,-10.2,-10.1
142.2,142.3,-10.2,-10.1
142.3,142.4,-10.2,-10.1
142.1,142.2,-10.3,-10.2
142.2,142.3,-10.3,-10.2
142.3,142.4,-10.3,-10.2
142.0,142.1,-10.4,-10.3
142.1,142.2,-10.6,-10.5
142.2,142.3,-10.6,-10.5
142.3,142.4,-10.6,-10.5
142.6,142.7,-10.6,-10.5
142.1,142.2,-10.7,-10.6
142.2,142.3,-10.7,-10.6
142.3,142.4,-10.7,-10.6
142.5,142.6,-10.7,-10.6
142.6,142.7,-10.7,-10.6
142.1,142.2,-10.8,-10.7
142.2,142.3,-10.8,-10.7
142.3,142.4,-10.8,-10.7
142.4,142.5,-10.8,-10.7
142.5,142.6,-10.8,-10.7
142.6,142.7,-10.8,-10.7
142.3,142.4,-10.9,-10.8
142.4,142.5,-10.9,-10.8
142.5,142.6,-10.9,-10.8
142.6,142.7,-10.9,-10.8
142.1,142.2,-11.0,-10.9
142.2,142.3,-11.0,-10.9
142.3,142.4,-11.0,-10.9
142.4,142.5,-11.0,-10.9
142.5,142.6,-11.0,-10.9
142.6,142.7,-11.0,-10.9
142.7,142.8,-11.0,-10.9
142.1,142.2,-11.1,-11.0
142.3,142.4,-11.1,-11.0
142.4,142.5,-11.1,-11.0
142.5,142.6,-11.1,-11.0
142.6,142.7,-11.1,-11.0
142.7,142.8,-11.1,-11.0
142.1,142.2,-11.2,-11.1
142.1,142.2,-11.3,-11.2
142.7,142.8,-11.3,-11.2
142.8,142.9,-11.3,-11.2
142.1,142.2,-11.4,-11.3
142.0,142.1,-11.5,-11.4
142.1,142.2,-11.5,-11.4
142.8,142.9,-11.5,-11.4
142.0,142.1,-11.6,-11.5
142.1,142.2,-11.6,-11.5
142.8,142.9,-11.6,-11.5
142.0,142.1,-11.7,-11.6
142.1,142.2,-11.7,-11.6
142.8,142.9,-11.7,-11.6
141.9,142.0,-11.8,-11.7
142.0,142.1,-11.8,-11.7
142.1,142.2,-11.8,-11.7
142.8,142.9,-11.8,-11.7
141.9,142.0,-11.9,-11.8
142.0,142.1,-11.9,-11.8
142.1,142.2,-11.9,-11.8
142.8,142.9,-11.9,-11.8
142.9,143.0,-11.9,-11.8
141.8,141.9,-12.0,-11.9
141.9,142.0,-12.0,-11.9
142.0,142.1,-12.0,-11.9
142.1,142.2,-12.0,-11.9
142.2,142.3,-12.0,-11.9
142.9,143.0,-12.0,-11.9
141.7,141.8,-12.1,-12.0
141.8,141.9,-12.1,-12.0
141.9,142.0,-12.1,-12.0
142.0,142.1,-12.1,-12.0
142.1,142.2,-12.1,-12.0
142.2,142.3,-12.1,-12.0
141.7,141.8,-12.2,-12.1
141.8,141.9,-12.2,-12.1
141.9,142.0,-12.2,-12.1
142.0,142.1,-12.2,-12.1
142.2,142.3,-12.2,-12.1
141.7,141.8,-12.3,-12.2
141.8,141.9,-12.3,-12.2
141.9,142.0,-12.3,-12.2
142.0,142.1,-12.3,-12.2
142.1,142.2,-12.3,-12.2
141.6,141.7,-12.4,-12.3
141.7,141.8,-12.4,-12.3
141.8,141.9,-12.4,-12.3
141.9,142.0,-12.4,-12.3
142.0,142.1,-12.4,-12.3
141.6,141.7,-12.5,-12.4
141.7,141.8,-12.5,-12.4
141.8,141.9,-12.5,-12.4
142.0,142.1,-12.5,-12.4
141.6,141.7,-12.6,-12.5
141.7,141.8,-12.6,-12.5
141.8,141.9,-12.6,-12.5
141.9,142.0,-12.6,-12.5
142.0,142.1,-12.6,-12.5
142.1,142.2,-12.6,-12.5
141.8,141.9,-12.7,-12.6
141.9,142.0,-12.7,-12.6
142.0,142.1,-12.7,-12.6
141.7,141.8,-12.8,-12.7
141.8,141.9,-12.8,-12.7
141.9,142.0,-12.8,-12.7
142.0,142.1,-12.8,-12.7
142.1,142.2,-12.8,-12.7
141.7,141.8,-12.9,-12.8
141.8,141.9,-12.9,-12.8
141.9,142.0,-12.9,-12.8
142.0,142.1,-12.9,-12.8
141.6,141.7,-13.0,-12.9
141.8,141.9,-13.0,-12.9
141.9,142.0,-13.0,-12.9
142.0,142.1,-13.0,-12.9
141.6,141.7,-13.1,-13.0
141.6,141.7,-13.3,-13.2
141.7,141.8,-13.3,-13.2
141.6,141.7,-13.4,-13.3
141.7,141.8,-13.4,-13.3
141.8,141.9,-13.4,-13.3
141.5,141.6,-13.5,-13.4
141.6,141.7,-13.5,-13.4
141.7,141.8,-13.5,-13.4
141.8,141.9,-13.5,-13.4
141.5,141.6,-13.6,-13.5
141.6,141.7,-13.6,-13.5
141.7,141.8,-13.6,-13.5
141.5,141.6,-13.7,-13.6
141.6,141.7,-13.7,-13.6
141.7,141.8,-13.7,-13.6
141.4,141.5,-13.8,-13.7
141.4,141.5,-13.9,-13.8
141.5,141.6,-13.9,-13.8
141.4,141.5,-14.0,-13.9
141.5,141.6,-14.0,-13.9
141.5,141.6,-14.1,-14.0
141.6,141.7,-14.1,-14.0
141.5,141.6,-14.2,-14.1
141.6,141.7,-14.2,-14.1
141.7,141.8,-14.2,-14.1
141.5,141.6,-14.3,-14.2
141.6,141.7,-14.3,-14.2
141.7,141.8,-14.3,-14.2
141.5,141.6,-14.4,-14.3
141.5,141.6,-14.5,-14.4
141.5,141.6,-14.6,-14.5
141.5,141.6,-14.7,-14.6
141.6,141.7,-14.7,-14.6
141.5,141.6,-14.8,-14.7
141.6,141.7,-14.8,-14.7
141.5,141.6,-14.9,-14.8
141.6,141.7,-14.9,-14.8
141.6,141.7,-15.0,-14.9
141.6,141.7,-15.1,-15.0
141.7,141.8,-15.1,-15.0
141.5,141.6,-15.2,-15.1
141.6,141.7,-15.2,-15.1
141.7,141.8,-15.2,-15.1
141.5,141.6,-15.3,-15.2
141.6,141.7,-15.3,-15.2
141.7,141.8,-15.3,-15.2
141.5,141.6,-15.4,-15.3
141.6,141.7,-15.4,-15.3
141.7,141.8,-15.4,-15.3
141.4,141.5,-15.5,-15.4
141.5,141.6,-15.5,-15.4
141.6,141.7,-15.5,-15.4
141.4,141.5,-15.6,-15.5
141.5,141.6,-15.6,-15.5
141.4,141.5,-15.7,-15.6
141.4,141.5,-15.8,-15.7
141.5,141.6,-15.8,-15.7
141.6,141.7,-15.8,-15.7
141.3,141.4,-15.9,-15.8
141.4,141.5,-15.9,-15.8
141.5,141.6,-15.9,-15.8
141.6,141.7,-15.9,-15.8
141.3,141.4,-16.0,-15.9
141.4,141.5,-16.0,-15.9
141.5,141.6,-16.0,-15.9
141.4,141.5,-16.1,-16.0
141.5,141.6,-16.1,-16.0
141.3,141.4,-16.2,-16.1
141.4,141.5,-16.2,-16.1
141.3,141.4,-16.3,-16.2
141.2,141.3,-16.4,-16.3
141.3,141.4,-16.4,-16.3
141.4,141.5,-16.4,-16.3
141.2,141.3,-16.5,-16.4
141.3,141.4,-16.5,-16.4
141.4,141.5,-16.5,-16.4
141.2,141.3,-16.6,-16.5
141.3,141.4,-16.6,-16.5
141.4,141.5,-16.6,-16.5
141.1,141.2,-16.7,-16.6
141.2,141.3,-16.7,-16.6
141.3,141.4,-16.7,-16.6
141.0,141.1,-16.8,-16.7
141.1,141.2,-16.8,-16.7
141.2,141.3,-16.8,-16.7
141.3,141.4,-16.8,-16.7
141.0,141.1,-16.9,-16.8
141.1,141.2,-16.9,-16.8
141.2,141.3,-16.9,-16.8
141.0,141.1,-17.0,-16.9
141.1,141.2,-17.0,-16.9
139.0,139.1,-17.1,-17.0
139.1,139.2,-17.1,-17.0
139.2,139.3,-17.1,-17.0
139.3,139.4,-17.1,-17.0
139.4,139.5,-17.1,-17.0
139.5,139.6,-17.1,-17.0
140.9,141.0,-17.1,-17.0
141.0,141.1,-17.1,-17.0
141.1,141.2,-17.1,-17.0
139.1,139.2,-17.2,-17.1
139.4,139.5,-17.2,-17.1
139.5,139.6,-17.2,-17.1
139.6,139.7,-17.2,-17.1
140.9,141.0,-17.2,-17.1
141.0,141.1,-17.2,-17.1
141.1,141.2,-17.2,-17.1
139.1,139.2,-17.3,-17.2
139.2,139.3,-17.3,-17.2
140.9,141.0,-17.3,-17.2
141.0,141.1,-17.3,-17.2
141.1,141.2,-17.3,-17.2
139.1,139.2,-17.4,-17.3
139.2,139.3,-17.4,-17.3
139.3,139.4,-17.4,-17.3
139.4,139.5,-17.4,-17.3
140.8,140.9,-17.4,-17.3
140.9,141.0,-17.4,-17.3
139.3,139.4,-17.5,-17.4
139.4,139.5,-17.5,-17.4
139.5,139.6,-17.5,-17.4
140.7,140.8,-17.5,-17.4
140.8,140.9,-17.5,-17.4
140.9,141.0,-17.5,-17.4
141.0,141.1,-17.5,-17.4
139.3,139.4,-17.6,-17.5
139.4,139.5,-17.6,-17.5
139.5,139.6,-17.6,-17.5
139.6,139.7,-17.6,-17.5
139.7,139.8,-17.6,-17.5
139.8,139.9,-17.6,-17.5
140.5,140.6,-17.6,-17.5
140.6,140.7,-17.6,-17.5
140.7,140.8,-17.6,-17.5
140.8,140.9,-17.6,-17.5
140.9,141.0,-17.6,-17.5
141.0,141.1,-17.6,-17.5
139.3,139.4,-17.7,-17.6
139.4,139.5,-17.7,-17.6
139.5,139.6,-17.7,-17.6
139.6,139.7,-17.7,-17.6
139.7,139.8,-17.7,-17.6
139.8,139.9,-17.7,-17.6
139.9,140.0,-17.7,-17.6
140.2,140.3,-17.7,-17.6
140.3,140.4,-17.7,-17.6
140.4,140.5,-17.7,-17.6
140.5,140.6,-17.7,-17.6
140.6,140.7,-17.7,-17.6
140.7,140.8,-17.7,-17.6
140.8,140.9,-17.7,-17.6
140.9,141.0,-17.7,-17.6
141.0,141.1,-17.7,-17.6
141.1,141.2,-17.7,-17.6
139.5,139.6,-17.8,-17.7
139.6,139.7,-17.8,-17.7
139.7,139.8,-17.8,-17.7
139.8,139.9,-17.8,-17.7
139.9,140.0,-17.8,-17.7
140.0,140.1,-17.8,-17.7
140.1,140.2,-17.8,-17.7
140.2,140.3,-17.8,-17.7
140.3,140.4,-17.8,-17.7
140.4,140.5,-17.8,-17.7
140.6,140.7,-17.8,-17.7
140.7,140.8,-17.8,-17.7
140.8,140.9,-17.8,-17.7
139.6,139.7,-17.9,-17.8
139.7,139.8,-17.9,-17.8
142.0,142.1,-10.1,-10.0
142.1,142.2,-10.1,-10.0
142.0,142.1,-10.2,-10.1
142.1,142.2,-10.2,-10.1
142.2,142.3,-10.2,-10.1
142.3,142.4,-10.2,-10.1
142.1,142.2,-10.3,-10.2
142.2,142.3,-10.3,-10.2
142.3,142.4,-10.3,-10.2
142.0,142.1,-10.4,-10.3
142.1,142.2,-10.6,-10.5
142.2,142.3,-10.6,-10.5
142.3,142.4,-10.6,-10.5
142.6,142.7,-10.6,-10.5
142.1,142.2,-10.7,-10.6
142.2,142.3,-10.7,-10.6
142.3,142.4,-10.7,-10.6
142.5,142.6,-10.7,-10.6
142.6,142.7,-10.7,-10.6
142.1,142.2,-10.8,-10.7
142.2,142.3,-10.8,-10.7
142.3,142.4,-10.8,-10.7
142.4,142.5,-10.8,-10.7
142.5,142.6,-10.8,-10.7
142.6,142.7,-10.8,-10.7
142.3,142.4,-10.9,-10.8
142.4,142.5,-10.9,-10.8
142.5,142.6,-10.9,-10.8
142.6,142.7,-10.9,-10.8
142.1,142.2,-11.0,-10.9
142.2,142.3,-11.0,-10.9
142.3,142.4,-11.0,-10.9
142.4,142.5,-11.0,-10.9
142.5,142.6,-11.0,-10.9
142.6,142.7,-11.0,-10.9
142.7,142.8,-11.0,-10.9
142.1,142.2,-11.1,-11.0
142.3,142.4,-11.1,-11.0
142.4,142.5,-11.1,-11.0
142.5,142.6,-11.1,-11.0
142.6,142.7,-11.1,-11.0
142.7,142.8,-11.1,-11.0
142.1,142.2,-11.2,-11.1
142.1,142.2,-11.3,-11.2
142.7,142.8,-11.3,-11.2
142.8,142.9,-11.3,-11.2
142.1,142.2,-11.4,-11.3
142.0,142.1,-11.5,-11.4
142.1,142.2,-11.5,-11.4
142.8,142.9,-11.5,-11.4
142.0,142.1,-11.6,-11.5
142.1,142.2,-11.6,-11.5
142.8,142.9,-11.6,-11.5
142.0,142.1,-11.7,-11.6
142.1,142.2,-11.7,-11.6
142.8,142.9,-11.7,-11.6
142.0,142.1,-11.8,-11.7
142.1,142.2,-11.8,-11.7
142.8,142.9,-11.8,-11.7
143.0,143.1,-11.8,-11.7
142.0,142.1,-11.9,-11.8
142.1,142.2,-11.9,-11.8
142.8,142.9,-11.9,-11.8
142.9,143.0,-11.9,-11.8
143.0,143.1,-11.9,-11.8
143.1,143.2,-11.9,-11.8
142.9,143.0,-12.0,-11.9
143.0,143.1,-12.0,-11.9
143.1,143.2,-12.0,-11.9
143.2,143.3,-12.0,-11.9
143.1,143.2,-12.1,-12.0
143.0,143.1,-12.2,-12.1
143.0,143.1,-12.3,-12.2
143.0,143.1,-12.4,-12.3
143.1,143.2,-12.4,-12.3
143.2,143.3,-12.4,-12.3
143.2,143.3,-12.5,-12.4
143.2,143.3,-12.6,-12.5
143.3,143.4,-12.6,-12.5
143.4,143.5,-12.6,-12.5
143.3,143.4,-12.7,-12.6
143.4,143.5,-12.7,-12.6
143.3,143.4,-12.8,-12.7
143.4,143.5,-12.8,-12.7
143.3,143.4,-12.9,-12.8
143.4,143.5,-12.9,-12.8
143.5,143.6,-12.9,-12.8
143.3,143.4,-13.0,-12.9
143.4,143.5,-13.0,-12.9
143.5,143.6,-13.0,-12.9
143.4,143.5,-13.1,-13.0
143.5,143.6,-13.1,-13.0
143.4,143.5,-13.2,-13.1
143.5,143.6,-13.2,-13.1
143.5,143.6,-13.3,-13.2
143.5,143.6,-13.4,-13.3
143.5,143.6,-13.5,-13.4
143.4,143.5,-13.6,-13.5
143.5,143.6,-13.6,-13.5
143.5,143.6,-13.7,-13.6
143.6,143.7,-13.7,-13.6
143.5,143.6,-13.8,-13.7
143.6,143.7,-13.8,-13.7
143.5,143.6,-13.9,-13.8
143.7,143.8,-13.9,-13.8
143.5,143.6,-14.0,-13.9
143.6,143.7,-14.0,-13.9
143.7,143.8,-14.0,-13.9
143.6,143.7,-14.1,-14.0
144.2,144.3,-14.1,-14.0
144.3,144.4,-14.1,-14.0
143.6,143.7,-14.2,-14.1
143.7,143.8,-14.2,-14.1
144.2,144.3,-14.2,-14.1
144.3,144.4,-14.2,-14.1
144.5,144.6,-14.2,-14.1
143.6,143.7,-14.3,-14.2
143.7,143.8,-14.3,-14.2
144.1,144.2,-14.3,-14.2
144.2,144.3,-14.3,-14.2
144.3,144.4,-14.3,-14.2
144.4,144.5,-14.3,-14.2
144.5,144.6,-14.3,-14.2
143.7,143.8,-14.4,-14.3
144.1,144.2,-14.4,-14.3
144.2,144.3,-14.4,-14.3
144.3,144.4,-14.4,-14.3
144.4,144.5,-14.4,-14.3
144.5,144.6,-14.4,-14.3
144.6,144.7,-14.4,-14.3
143.7,143.8,-14.5,-14.4
143.8,143.9,-14.5,-14.4
143.9,144.0,-14.5,-14.4
144.0,144.1,-14.5,-14.4
144.1,144.2,-14.5,-14.4
144.2,144.3,-14.5,-14.4
144.6,144.7,-14.5,-14.4
144.8,144.9,-14.5,-14.4
144.9,145.0,-14.5,-14.4
143.8,143.9,-14.6,-14.5
143.9,144.0,-14.6,-14.5
144.0,144.1,-14.6,-14.5
144.1,144.2,-14.6,-14.5
144.2,144.3,-14.6,-14.5
144.6,144.7,-14.6,-14.5
144.7,144.8,-14.6,-14.5
144.8,144.9,-14.6,-14.5
144.9,145.0,-14.6,-14.5
143.9,144.0,-14.7,-14.6
144.0,144.1,-14.7,-14.6
144.1,144.2,-14.7,-14.6
144.7,144.8,-14.7,-14.6
144.8,144.9,-14.7,-14.6
144.9,145.0,-14.7,-14.6
145.2,145.3,-14.7,-14.6
145.4,145.5,-14.7,-14.6
144.0,144.1,-14.8,-14.7
144.9,145.0,-14.8,-14.7
145.0,145.1,-14.8,-14.7
145.1,145.2,-14.8,-14.7
145.2,145.3,-14.8,-14.7
144.9,145.0,-14.9,-14.8
145.0,145.1,-14.9,-14.8
145.1,145.2,-14.9,-14.8
145.2,145.3,-14.9,-14.8
145.2,145.3,-15.0,-14.9
145.3,145.4,-15.0,-14.9
145.3,145.4,-15.1,-15.0
145.4,145.5,-15.1,-15.0
145.2,145.3,-15.2,-15.1
145.4,145.5,-15.2,-15.1
145.2,145.3,-15.3,-15.2
145.3,145.4,-15.3,-15.2
145.1,145.2,-15.5,-15.4
145.2,145.3,-15.5,-15.4
145.2,145.3,-15.6,-15.5
145.3,145.4,-15.6,-15.5
145.3,145.4,-15.7,-15.6
145.3,145.4,-15.8,-15.7
145.4,145.5,-15.8,-15.7
145.3,145.4,-15.9,-15.8
145.3,145.4,-16.0,-15.9
145.4,145.5,-16.0,-15.9
145.4,145.5,-16.1,-16.0
145.4,145.5,-16.2,-16.1
145.3,145.4,-16.3,-16.2
145.4,145.5,-16.3,-16.2
145.3,145.4,-16.4,-16.3
145.4,145.5,-16.4,-16.3
145.5,145.6,-16.4,-16.3
145.3,145.4,-16.5,-16.4
145.4,145.5,-16.5,-16.4
145.4,145.5,-16.6,-16.5
145.5,145.6,-16.6,-16.5
145.5,145.6,-16.7,-16.6
145.6,145.7,-16.8,-16.7
145.7,145.8,-16.8,-16.7
145.6,145.7,-16.9,-16.8
145.7,145.8,-16.9,-16.8
145.8,145.9,-16.9,-16.8
145.9,146.0,-16.9,-16.8
145.7,145.8,-17.0,-16.9
145.8,145.9,-17.0,-16.9
145.9,146.0,-17.0,-16.9
145.7,145.8,-17.1,-17.0
145.8,145.9,-17.1,-17.0
145.9,146.0,-17.1,-17.0
145.9,146.0,-17.2,-17.1
145.9,146.0,-17.3,-17.2
146.0,146.1,-17.3,-17.2
145.9,146.0,-17.4,-17.3
146.0,146.1,-17.4,-17.3
146.0,146.1,-17.5,-17.4
146.0,146.1,-17.6,-17.5
146.1,146.2,-17.6,-17.5
146.0,146.1,-17.7,-17.6
146.1,146.2,-17.7,-17.6
146.0,146.1,-17.8,-17.7
146.1,146.2,-17.8,-17.7
146.0,146.1,-17.9,-17.8
146.1,146.2,-17.9,-17.8
146.0,146.1,-18.0,-17.9
146.1,146.2,-18.0,-17.9
145.9,146.0,-18.1,-18.0
146.0,146.1,-18.1,-18.0
145.9,146.0,-18.2,-18.1
146.0,146.1,-18.2,-18.1
146.1,146.2,-18.2,-18.1
145.9,146.0,-18.3,-18.2
146.0,146.1,-18.3,-18.2
146.1,146.2,-18.3,-18.2
146.2,146.3,-18.3,-18.2
146.0,146.1,-18.4,-18.3
146.1,146.2,-18.4,-18.3
146.2,146.3,-18.4,-18.3
146.3,146.4,-18.4,-18.3
146.1,146.2,-18.5,-18.4
146.2,146.3,-18.5,-18.4
146.3,146.4,-18.5,-18.4
146.1,146.2,-18.6,-18.5
146.2,146.3,-18.6,-18.5
146.3,146.4,-18.6,-18.5
146.4,146.5,-18.6,-18.5
146.2,146.3,-18.7,-18.6
146.3,146.4,-18.7,-18.6
146.4,146.5,-18.7,-18.6
146.5,146.6,-18.7,-18.6
146.2,146.3,-18.8,-18.7
146.5,146.6,-18.8,-18.7
146.2,146.3,-18.9,-18.8
146.2,146.3,-19.0,-18.9
146.3,146.4,-19.0,-18.9
146.3,146.4,-19.1,-19.0
146.4,146.5,-19.1,-19.0
146.5,146.6,-19.1,-19.0
146.4,146.5,-19.2,-19.1
146.5,146.6,-19.2,-19.1
146.6,146.7,-19.2,-19.1
146.7,146.8,-19.2,-19.1
146.8,146.9,-19.2,-19.1
146.6,146.7,-19.3,-19.2
146.7,146.8,-19.3,-19.2
146.8,146.9,-19.3,-19.2
146.9,147.0,-19.3,-19.2
147.0,147.1,-19.3,-19.2
146.7,146.8,-19.4,-19.3
146.8,146.9,-19.4,-19.3
146.9,147.0,-19.4,-19.3
147.0,147.1,-19.4,-19.3
147.1,147.2,-19.4,-19.3
147.4,147.5,-19.4,-19.3
147.0,147.1,-19.5,-19.4
147.1,147.2,-19.5,-19.4
147.2,147.3,-19.5,-19.4
147.3,147.4,-19.5,-19.4
147.4,147.5,-19.5,-19.4
147.5,147.6,-19.5,-19.4
147.0,147.1,-19.6,-19.5
147.1,147.2,-19.6,-19.5
147.2,147.3,-19.6,-19.5
147.4,147.5,-19.6,-19.5
147.5,147.6,-19.6,-19.5
147.4,147.5,-19.7,-19.6
147.5,147.6,-19.7,-19.6
147.6,147.7,-19.7,-19.6
147.5,147.6,-19.8,-19.7
147.6,147.7,-19.8,-19.7
147.7,147.8,-19.8,-19.7
147.8,147.9,-19.8,-19.7
147.6,147.7,-19.9,-19.8
147.7,147.8,-19.9,-19.8
147.8,147.9,-19.9,-19.8
147.9,148.0,-19.9,-19.8
147.8,147.9,-20.0,-19.9
147.9,148.0,-20.0,-19.9
148.0,148.1,-20.0,-19.9
148.1,148.2,-20.0,-19.9
148.2,148.3,-20.0,-19.9
148.1,148.2,-20.1,-20.0
148.2,148.3,-20.1,-20.0
148.4,148.5,-20.1,-20.0
148.5,148.6,-20.1,-20.0
148.2,148.3,-20.2,-20.1
148.3,148.4,-20.2,-20.1
148.4,148.5,-20.2,-20.1
148.5,148.6,-20.2,-20.1
148.6,148.7,-20.2,-20.1
148.9,149.0,-20.2,-20.1
148.4,148.5,-20.3,-20.2
148.5,148.6,-20.3,-20.2
148.6,148.7,-20.3,-20.2
148.7,148.8,-20.3,-20.2
148.9,149.0,-20.3,-20.2
148.6,148.7,-20.4,-20.3
148.7,148.8,-20.4,-20.3
148.8,148.9,-20.4,-20.3
148.9,149.0,-20.4,-20.3
148.6,148.7,-20.5,-20.4
148.7,148.8,-20.5,-20.4
148.8,148.9,-20.5,-20.4
148.6,148.7,-20.6,-20.5
148.7,148.8,-20.6,-20.5
148.8,148.9,-20.6,-20.5
148.6,148.7,-20.7,-20.6
148.7,148.8,-20.7,-20.6
148.6,148.7,-20.8,-20.7
148.7,148.8,-20.8,-20.7
148.8,148.9,-20.8,-20.7
148.7,148.8,-20.9,-20.8
148.8,148.9,-20.9,-20.8
148.9,149.0,-20.9,-20.8
148.8,148.9,-21.0,-20.9
148.9,149.0,-21.0,-20.9
113.6,113.7,-24.8,-24.7
113.7,113.8,-24.8,-24.7
113.6,113.7,-24.9,-24.8
113.7,113.8,-24.9,-24.8
113.6,113.7,-25.0,-24.9
113.7,113.8,-25.0,-24.9
113.6,113.7,-25.1,-25.0
113.7,113.8,-25.1,-25.0
113.7,113.8,-25.2,-25.1
113.8,113.9,-25.2,-25.1
113.8,113.9,-25.3,-25.2
113.9,114.0,-25.3,-25.2
113.8,113.9,-25.4,-25.3
113.9,114.0,-25.4,-25.3
113.9,114.0,-25.5,-25.4
113.9,114.0,-25.6,-25.5
113.4,113.5,-25.7,-25.6
113.5,113.6,-25.7,-25.6
113.4,113.5,-25.8,-25.7
113.4,113.5,-25.9,-25.8
113.8,113.9,-25.9,-25.8
113.9,114.0,-25.9,-25.8
113.2,113.3,-26.2,-26.1
113.3,113.4,-26.2,-26.1
113.2,113.3,-26.3,-26.2
113.3,113.4,-26.3,-26.2
114.1,114.2,-27.7,-27.6
114.2,114.3,-27.7,-27.6
114.1,114.2,-27.8,-27.7
114.2,114.3,-28.3,-28.2
114.3,114.4,-28.3,-28.2
114.4,114.5,-28.4,-28.3
114.4,114.5,-28.5,-28.4
114.5,114.6,-28.6,-28.5
114.6,114.7,-28.6,-28.5
114.6,114.7,-28.8,-28.7
114.6,114.7,-28.9,-28.8
114.6,114.7,-29.0,-28.9
114.9,115.0,-29.3,-29.2
115.0,115.1,-30.4,-30.3
115.0,115.1,-30.5,-30.4
115.4,115.5,-31.4,-31.3
115.5,115.6,-31.4,-31.3
119.0,119.1,-20.0,-19.9
119.1,119.2,-20.0,-19.9
119.2,119.3,-20.0,-19.9
119.3,119.4,-20.0,-19.9
119.6,119.7,-20.0,-19.9
119.7,119.8,-20.0,-19.9
119.0,119.1,-20.1,-20.0
119.1,119.2,-20.1,-20.0
119.3,119.4,-20.1,-20.0
119.4,119.5,-20.1,-20.0
119.5,119.6,-20.1,-20.0
119.6,119.7,-20.1,-20.0
119.7,119.8,-20.1,-20.0
118.5,118.6,-20.3,-20.2
118.6,118.7,-20.3,-20.2
118.7,118.8,-20.3,-20.2
118.8,118.9,-20.3,-20.2
118.9,119.0,-20.3,-20.2
116.8,116.9,-20.4,-20.3
118.0,118.1,-20.4,-20.3
118.1,118.2,-20.4,-20.3
118.2,118.3,-20.4,-20.3
118.3,118.4,-20.4,-20.3
118.4,118.5,-20.4,-20.3
118.5,118.6,-20.4,-20.3
118.6,118.7,-20.4,-20.3
118.7,118.8,-20.4,-20.3
118.8,118.9,-20.4,-20.3
116.8,116.9,-20.5,-20.4
117.9,118.0,-20.5,-20.4
118.0,118.1,-20.5,-20.4
118.1,118.2,-20.5,-20.4
118.2,118.3,-20.5,-20.4
116.5,116.6,-20.6,-20.5
116.6,116.7,-20.6,-20.5
116.7,116.8,-20.6,-20.5
116.8,116.9,-20.6,-20.5
117.8,117.9,-20.6,-20.5
117.9,118.0,-20.6,-20.5
116.5,116.6,-20.7,-20.6
116.6,116.7,-20.7,-20.6
116.7,116.8,-20.7,-20.6
116.8,116.9,-20.7,-20.6
116.9,117.0,-20.7,-20.6
117.0,117.1,-20.7,-20.6
117.1,117.2,-20.7,-20.6
117.2,117.3,-20.7,-20.6
117.5,117.6,-20.7,-20.6
117.6,117.7,-20.7,-20.6
117.7,117.8,-20.7,-20.6
117.8,117.9,-20.7,-20.6
116.4,116.5,-20.8,-20.7
116.5,116.6,-20.8,-20.7
116.6,116.7,-20.8,-20.7
116.8,116.9,-20.8,-20.7
116.9,117.0,-20.8,-20.7
117.1,117.2,-20.8,-20.7
117.2,117.3,-20.8,-20.7
117.3,117.4,-20.8,-20.7
117.4,117.5,-20.8,-20.7
117.5,117.6,-20.8,-20.7
117.6,117.7,-20.8,-20.7
117.7,117.8,-20.8,-20.7
116.1,116.2,-20.9,-20.8
116.2,116.3,-20.9,-20.8
116.3,116.4,-20.9,-20.8
116.4,116.5,-20.9,-20.8
116.5,116.6,-20.9,-20.8
117.4,117.5,-20.9,-20.8
116.1,116.2,-21.0,-20.9
116.2,116.3,-21.0,-20.9
115.9,116.0,-21.1,-21.0
116.0,116.1,-21.1,-21.0
116.1,116.2,-21.1,-21.0
115.8,115.9,-21.2,-21.1
115.9,116.0,-21.2,-21.1
115.6,115.7,-21.3,-21.2
115.7,115.8,-21.3,-21.2
115.8,115.9,-21.3,-21.2
115.5,115.6,-21.4,-21.3
115.6,115.7,-21.4,-21.3
115.7,115.8,-21.4,-21.3
115.3,115.4,-21.5,-21.4
115.4,115.5,-21.5,-21.4
115.5,115.6,-21.5,-21.4
115.6,115.7,-21.5,-21.4
115.2,115.3,-21.6,-21.5
115.3,115.4,-21.6,-21.5
115.4,115.5,-21.6,-21.5
115.5,115.6,-21.6,-21.5
114.9,115.0,-21.7,-21.6
115.0,115.1,-21.7,-21.6
115.1,115.2,-21.7,-21.6
115.2,115.3,-21.7,-21.6
114.8,114.9,-21.8,-21.7
114.9,115.0,-21.8,-21.7
115.0,115.1,-21.8,-21.7
114.6,114.7,-21.9,-21.8
114.7,114.8,-21.9,-21.8
113.9,114.0,-22.0,-21.9
114.5,114.6,-22.0,-21.9
114.6,114.7,-22.0,-21.9
114.5,114.6,-22.1,-22.0
114.6,114.7,-22.1,-22.0
114.4,114.5,-22.2,-22.1
114.5,114.6,-22.2,-22.1
114.1,114.2,-22.3,-22.2
114.4,114.5,-22.3,-22.2
114.5,114.6,-22.3,-22.2
114.1,114.2,-22.4,-22.3
114.3,114.4,-22.4,-22.3
114.4,114.5,-22.4,-22.3
114.1,114.2,-22.5,-22.4
114.2,114.3,-22.5,-22.4
114.3,114.4,-22.5,-22.4
114.4,114.5,-22.5,-22.4
114.1,114.2,-22.6,-22.5
114.2,114.3,-22.6,-22.5
114.3,114.4,-22.6,-22.5
132.4,132.5,-11.1,-11.0
132.5,132.6,-11.1,-11.0
130.4,130.5,-11.2,-11.1
131.2,131.3,-11.2,-11.1
131.8,131.9,-11.2,-11.1
131.9,132.0,-11.2,-11.1
132.0,132.1,-11.2,-11.1
132.2,132.3,-11.2,-11.1
132.3,132.4,-11.2,-11.1
132.5,132.6,-11.2,-11.1
132.6,132.7,-11.2,-11.1
130.3,130.4,-11.3,-11.2
130.4,130.5,-11.3,-11.2
130.5,130.6,-11.3,-11.2
130.6,130.7,-11.3,-11.2
131.0,131.1,-11.3,-11.2
131.1,131.2,-11.3,-11.2
131.2,131.3,-11.3,-11.2
131.3,131.4,-11.3,-11.2
131.4,131.5,-11.3,-11.2
131.7,131.8,-11.3,-11.2
131.8,131.9,-11.3,-11.2
131.9,132.0,-11.3,-11.2
132.0,132.1,-11.3,-11.2
132.1,132.2,-11.3,-11.2
132.2,132.3,-11.3,-11.2
132.3,132.4,-11.3,-11.2
132.4,132.5,-11.3,-11.2
132.5,132.6,-11.3,-11.2
132.6,132.7,-11.3,-11.2
130.2,130.3,-11.4,-11.3
130.3,130.4,-11.4,-11.3
130.4,130.5,-11.4,-11.3
130.5,130.6,-11.4,-11.3
130.6,130.7,-11.4,-11.3
130.7,130.8,-11.4,-11.3
130.8,130.9,-11.4,-11.3
130.9,131.0,-11.4,-11.3
131.0,131.1,-11.4,-11.3
131.1,131.2,-11.4,-11.3
131.2,131.3,-11.4,-11.3
131.3,131.4,-11.4,-11.3
131.4,131.5,-11.4,-11.3
131.5,131.6,-11.4,-11.3
131.7,131.8,-11.4,-11.3
131.8,131.9,-11.4,-11.3
131.9,132.0,-11.4,-11.3
132.0,132.1,-11.4,-11.3
132.1,132.2,-11.4,-11.3
132.2,132.3,-11.4,-11.3
132.3,132.4,-11.4,-11.3
132.4,132.5,-11.4,-11.3
132.5,132.6,-11.4,-11.3
132.6,132.7,-11.4,-11.3
132.8,132.9,-11.4,-11.3
132.9,133.0,-11.4,-11.3
130.1,130.2,-11.5,-11.4
130.2,130.3,-11.5,-11.4
130.3,130.4,-11.5,-11.4
130.4,130.5,-11.5,-11.4
130.5,130.6,-11.5,-11.4
130.6,130.7,-11.5,-11.4
130.7,130.8,-11.5,-11.4
130.8,130.9,-11.5,-11.4
130.9,131.0,-11.5,-11.4
131.0,131.1,-11.5,-11.4
131.1,131.2,-11.5,-11.4
131.2,131.3,-11.5,-11.4
131.4,131.5,-11.5,-11.4
131.5,131.6,-11.5,-11.4
131.9,132.0,-11.5,-11.4
132.0,132.1,-11.5,-11.4
132.1,132.2,-11.5,-11.4
132.2,132.3,-11.5,-11.4
132.3,132.4,-11.5,-11.4
132.4,132.5,-11.5,-11.4
132.5,132.6,-11.5,-11.4
132.6,132.7,-11.5,-11.4
132.7,132.8,-11.5,-11.4
132.8,132.9,-11.5,-11.4
132.9,133.0,-11.5,-11.4
130.1,130.2,-11.6,-11.5
130.2,130.3,-11.6,-11.5
130.3,130.4,-11.6,-11.5
130.4,130.5,-11.6,-11.5
130.5,130.6,-11.6,-11.5
130.6,130.7,-11.6,-11.5
130.7,130.8,-11.6,-11.5
130.8,130.9,-11.6,-11.5
131.0,131.1,-11.6,-11.5
131.1,131.2,-11.6,-11.5
131.2,131.3,-11.6,-11.5
131.3,131.4,-11.6,-11.5
131.4,131.5,-11.6,-11.5
132.0,132.1,-11.6,-11.5
132.1,132.2,-11.6,-11.5
132.2,132.3,-11.6,-11.5
132.3,132.4,-11.6,-11.5
132.4,132.5,-11.6,-11.5
132.5,132.6,-11.6,-11.5
132.6,132.7,-11.6,-11.5
132.7,132.8,-11.6,-11.5
130.0,130.1,-11.7,-11.6
130.1,130.2,-11.7,-11.6
130.2,130.3,-11.7,-11.6
130.3,130.4,-11.7,-11.6
130.4,130.5,-11.7,-11.6
130.5,130.6,-11.7,-11.6
130.6,130.7,-11.7,-11.6
130.8,130.9,-11.7,-11.6
131.2,131.3,-11.7,-11.6
131.3,131.4,-11.7,-11.6
131.4,131.5,-11.7,-11.6
132.1,132.2,-11.7,-11.6
132.4,132.5,-11.7,-11.6
132.5,132.6,-11.7,-11.6
132.6,132.7,-11.7,-11.6
132.7,132.8,-11.7,-11.6
130.0,130.1,-11.8,-11.7
130.1,130.2,-11.8,-11.7
130.2,130.3,-11.8,-11.7
130.3,130.4,-11.8,-11.7
130.4,130.5,-11.8,-11.7
130.5,130.6,-11.8,-11.7
130.6,130.7,-11.8,-11.7
130.7,130.8,-11.8,-11.7
131.0,131.1,-11.8,-11.7
131.1,131.2,-11.8,-11.7
131.2,131.3,-11.8,-11.7
131.3,131.4,-11.8,-11.7
132.5,132.6,-11.8,-11.7
132.6,132.7,-11.8,-11.7
132.7,132.8,-11.8,-11.7
132.8,132.9,-11.8,-11.7
130.0,130.1,-11.9,-11.8
130.4,130.5,-11.9,-11.8
130.5,130.6,-11.9,-11.8
130.6,130.7,-11.9,-11.8
130.7,130.8,-11.9,-11.8
130.8,130.9,-11.9,-11.8
130.9,131.0,-11.9,-11.8
131.0,131.1,-11.9,-11.8
131.1,131.2,-11.9,-11.8
132.5,132.6,-11.9,-11.8
132.6,132.7,-11.9,-11.8
132.7,132.8,-11.9,-11.8
132.8,132.9,-11.9,-11.8
130.9,131.0,-12.0,-11.9
131.0,131.1,-12.0,-11.9
132.6,132.7,-12.0,-11.9
132.7,132.8,-12.0,-11.9
132.8,132.9,-12.0,-11.9
131.0,131.1,-12.1,-12.0
131.1,131.2,-12.1,-12.0
131.2,131.3,-12.1,-12.0
131.3,131.4,-12.1,-12.0
132.3,132.4,-12.1,-12.0
132.4,132.5,-12.1,-12.0
132.5,132.6,-12.1,-12.0
132.6,132.7,-12.1,-12.0
132.7,132.8,-12.1,-12.0
132.8,132.9,-12.1,-12.0
130.9,131.0,-12.2,-12.1
131.0,131.1,-12.2,-12.1
131.1,131.2,-12.2,-12.1
131.2,131.3,-12.2,-12.1
131.3,131.4,-12.2,-12.1
132.2,132.3,-12.2,-12.1
132.3,132.4,-12.2,-12.1
132.4,132.5,-12.2,-12.1
132.5,132.6,-12.2,-12.1
132.6,132.7,-12.2,-12.1
132.7,132.8,-12.2,-12.1
132.8,132.9,-12.2,-12.1
131.0,131.1,-12.3,-12.2
131.1,131.2,-12.3,-12.2
131.2,131.3,-12.3,-12.2
131.3,131.4,-12.3,-12.2
131.4,131.5,-12.3,-12.2
131.5,131.6,-12.3,-12.2
131.6,131.7,-12.3,-12.2
131.7,131.8,-12.3,-12.2
131.8,131.9,-12.3,-12.2
131.9,132.0,-12.3,-12.2
132.0,132.1,-12.3,-12.2
132.1,132.2,-12.3,-12.2
132.2,132.3,-12.3,-12.2
132.3,132.4,-12.3,-12.2
132.4,132.5,-12.3,-12.2
132.7,132.8,-12.3,-12.2
132.8,132.9,-12.3,-12.2
132.9,133.0,-12.3,-12.2
130.5,130.6,-12.4,-12.3
130.6,130.7,-12.4,-12.3
130.8,130.9,-12.4,-12.3
130.9,131.0,-12.4,-12.3
131.0,131.1,-12.4,-12.3
131.1,131.2,-12.4,-12.3
131.2,131.3,-12.4,-12.3
131.3,131.4,-12.4,-12.3
131.4,131.5,-12.4,-12.3
131.5,131.6,-12.4,-12.3
131.6,131.7,-12.4,-12.3
131.7,131.8,-12.4,-12.3
131.8,131.9,-12.4,-12.3
131.9,132.0,-12.4,-12.3
132.0,132.1,-12.4,-12.3
132.1,132.2,-12.4,-12.3
132.2,132.3,-12.4,-12.3
132.3,132.4,-12.4,-12.3
132.4,132.5,-12.4,-12.3
130.5,130.6,-12.5,-12.4
130.6,130.7,-12.5,-12.4
130.7,130.8,-12.5,-12.4
130.8,130.9,-12.5,-12.4
130.9,131.0,-12.5,-12.4
131.0,131.1,-12.5,-12.4
131.2,131.3,-12.5,-12.4
131.3,131.4,-12.5,-12.4
131.4,131.5,-12.5,-12.4
131.6,131.7,-12.5,-12.4
131.7,131.8,-12.5,-12.4
132.1,132.2,-12.5,-12.4
132.2,132.3,-12.5,-12.4
132.3,132.4,-12.5,-12.4
132.4,132.5,-12.5,-12.4
130.3,130.4,-12.6,-12.5
130.4,130.5,-12.6,-12.5
130.5,130.6,-12.6,-12.5
130.6,130.7,-12.6,-12.5
130.7,130.8,-12.6,-12.5
130.8,130.9,-12.6,-12.5
130.9,131.0,-12.6,-12.5
131.0,131.1,-12.6,-12.5
131.3,131.4,-12.6,-12.5
131.4,131.5,-12.6,-12.5
132.3,132.4,-12.6,-12.5
132.4,132.5,-12.6,-12.5
130.3,130.4,-12.7,-12.6
130.4,130.5,-12.7,-12.6
130.5,130.6,-12.7,-12.6
130.6,130.7,-12.7,-12.6
130.7,130.8,-12.7,-12.6
130.8,130.9,-12.7,-12.6
130.9,131.0,-12.7,-12.6
131.0,131.1,-12.7,-12.6
131.2,131.3,-12.7,-12.6
131.3,131.4,-12.7,-12.6
131.4,131.5,-12.7,-12.6
132.4,132.5,-12.7,-12.6
132.5,132.6,-12.7,-12.6
130.3,130.4,-12.8,-12.7
130.4,130.5,-12.8,-12.7
130.5,130.6,-12.8,-12.7
130.6,130.7,-12.8,-12.7
130.7,130.8,-12.8,-12.7
130.8,130.9,-12.8,-12.7
130.9,131.0,-12.8,-12.7
131.2,131.3,-12.8,-12.7
131.3,131.4,-12.8,-12.7
132.5,132.6,-12.8,-12.7
130.3,130.4,-12.9,-12.8
130.4,130.5,-12.9,-12.8
130.5,130.6,-12.9,-12.8
130.6,130.7,-12.9,-12.8
130.1,130.2,-13.0,-12.9
130.2,130.3,-13.0,-12.9
130.3,130.4,-13.0,-12.9
130.4,130.5,-13.0,-12.9
130.1,130.2,-13.1,-13.0
130.0,130.1,-13.2,-13.1
130.1,130.2,-13.2,-13.1
130.2,130.3,-13.2,-13.1
130.0,130.1,-13.3,-13.2
130.1,130.2,-13.3,-13.2
130.2,130.3,-13.3,-13.2
130.3,130.4,-13.3,-13.2
130.2,130.3,-13.4,-13.3
130.3,130.4,-13.4,-13.3
129.8,129.9,-13.5,-13.4
129.9,130.0,-13.5,-13.4
130.0,130.1,-13.5,-13.4
130.1,130.2,-13.5,-13.4
130.2,130.3,-13.5,-13.4
130.3,130.4,-13.5,-13.4
130.4,130.5,-13.5,-13.4
129.8,129.9,-13.6,-13.5
129.9,130.0,-13.6,-13.5
130.0,130.1,-13.6,-13.5
130.3,130.4,-13.6,-13.5
130.4,130.5,-13.6,-13.5
130.5,130.6,-13.6,-13.5
129.7,129.8,-13.8,-13.7
129.8,129.9,-13.8,-13.7
129.7,129.8,-13.9,-13.8
129.7,129.8,-14.0,-13.9
129.4,129.5,-14.1,-14.0
129.5,129.6,-14.1,-14.0
129.6,129.7,-14.1,-14.0
129.7,129.8,-14.1,-14.0
129.4,129.5,-14.2,-14.1
129.5,129.6,-14.2,-14.1
129.6,129.7,-14.2,-14.1
129.4,129.5,-14.3,-14.2
129.5,129.6,-14.3,-14.2
129.3,129.4,-14.4,-14.3
129.4,129.5,-14.4,-14.3
129.3,129.4,-14.5,-14.4
129.4,129.5,-14.5,-14.4
129.5,129.6,-14.5,-14.4
129.6,129.7,-14.5,-14.4
129.7,129.8,-14.5,-14.4
129.8,129.9,-14.5,-14.4
129.4,129.5,-14.6,-14.5
129.5,129.6,-14.6,-14.5
129.6,129.7,-14.6,-14.5
129.7,129.8,-14.6,-14.5
129.8,129.9,-14.6,-14.5
129.5,129.6,-14.7,-14.6
129.6,129.7,-14.7,-14.6
129.7,129.8,-14.7,-14.6
129.8,129.9,-14.7,-14.6
129.9,130.0,-14.7,-14.6
129.5,129.6,-14.8,-14.7
129.6,129.7,-14.8,-14.7
129.7,129.8,-14.8,-14.7
129.8,129.9,-14.8,-14.7
129.9,130.0,-14.8,-14.7
129.0,129.1,-14.9,-14.8
129.2,129.3,-14.9,-14.8
129.3,129.4,-14.9,-14.8
129.5,129.6,-14.9,-14.8
129.6,129.7,-14.9,-14.8
129.7,129.8,-14.9,-14.8
129.8,129.9,-14.9,-14.8
129.9,130.0,-14.9,-14.8
129.0,129.1,-15.0,-14.9
129.1,129.2,-15.0,-14.9
129.2,129.3,-15.0,-14.9
129.3,129.4,-15.0,-14.9
129.4,129.5,-15.0,-14.9
129.5,129.6,-15.0,-14.9
129.6,129.7,-15.0,-14.9
129.7,129.8,-15.0,-14.9
129.8,129.9,-15.0,-14.9
129.0,129.1,-15.1,-15.0
129.1,129.2,-15.1,-15.0
129.2,129.3,-15.1,-15.0
129.3,129.4,-15.1,-15.0
129.4,129.5,-15.1,-15.0
129.5,129.6,-15.1,-15.0
129.6,129.7,-15.1,-15.0
129.7,129.8,-15.1,-15.0
129.0,129.1,-15.2,-15.1
129.1,129.2,-15.2,-15.1
129.2,129.3,-15.2,-15.1
129.3,129.4,-15.2,-15.1
129.5,129.6,-15.2,-15.1
129.6,129.7,-15.2,-15.1
129.7,129.8,-15.2,-15.1
129.8,129.9,-15.2,-15.1
129.1,129.2,-15.3,-15.2
129.2,129.3,-15.3,-15.2
129.5,129.6,-15.3,-15.2
129.6,129.7,-15.3,-15.2
129.7,129.8,-15.3,-15.2
129.8,129.9,-15.3,-15.2
129.9,130.0,-15.3,-15.2
129.7,129.8,-15.4,-15.3
129.8,129.9,-15.4,-15.3
129.9,130.0,-15.4,-15.3
130.0,130.1,-15.4,-15.3
130.1,130.2,-15.4,-15.3
129.7,129.8,-15.5,-15.4
129.8,129.9,-15.5,-15.4
129.9,130.0,-15.5,-15.4
130.0,130.1,-15.5,-15.4
130.1,130.2,-15.5,-15.4
152.9,153.0,-26.3,-26.2
153.0,153.1,-26.3,-26.2
152.9,153.0,-26.4,-26.3
153.0,153.1,-26.4,-26.3
153.0,153.1,-26.5,-26.4
153.0,153.1,-26.6,-26.5
153.0,153.1,-26.7,-26.6
153.1,153.2,-26.7,-26.6
153.1,153.2,-26.8,-26.7
153.0,153.1,-26.9,-26.8
153.1,153.2,-26.9,-26.8
153.0,153.1,-27.0,-26.9
153.1,153.2,-27.0,-26.9
153.0,153.1,-27.1,-27.0
153.1,153.2,-27.1,-27.0
153.0,153.1,-27.2,-27.1
153.1,153.2,-27.2,-27.1
153.3,153.4,-27.2,-27.1
153.0,153.1,-27.3,-27.2
153.1,153.2,-27.3,-27.2
153.4,153.5,-27.3,-27.2
153.0,153.1,-27.4,-27.3
153.1,153.2,-27.4,-27.3
153.2,153.3,-27.4,-27.3
153.3,153.4,-27.4,-27.3
153.4,153.5,-27.4,-27.3
153.0,153.1,-27.5,-27.4
153.1,153.2,-27.5,-27.4
153.2,153.3,-27.5,-27.4
153.3,153.4,-27.5,-27.4
153.4,153.5,-27.5,-27.4
153.1,153.2,-27.6,-27.5
153.2,153.3,-27.6,-27.5
153.3,153.4,-27.6,-27.5
153.4,153.5,-27.6,-27.5
153.2,153.3,-27.7,-27.6
153.3,153.4,-27.7,-27.6
153.4,153.5,-27.7,-27.6
153.2,153.3,-27.8,-27.7
153.3,153.4,-27.8,-27.7
153.4,153.5,-27.8,-27.7
153.3,153.4,-27.9,-27.8
153.4,153.5,-27.9,-27.8
153.3,153.4,-28.0,-27.9
153.4,153.5,-28.0,-27.9
153.4,153.5,-28.1,-28.0
153.4,153.5,-28.2,-28.1
153.5,153.6,-28.2,-28.1
153.4,153.5,-28.3,-28.2
153.5,153.6,-28.3,-28.2
153.5,153.6,-28.4,-28.3
153.5,153.6,-28.5,-28.4
153.5,153.6,-28.6,-28.5
153.5,153.6,-28.7,-28.6
153.6,153.7,-28.7,-28.6
153.4,153.5,-28.9,-28.8
153.5,153.6,-28.9,-28.8
153.3,153.4,-29.0,-28.9
153.4,153.5,-29.0,-28.9
153.5,153.6,-29.0,-28.9
153.3,153.4,-29.1,-29.0
153.4,153.5,-29.1,-29.0
153.3,153.4,-29.2,-29.1
153.4,153.5,-29.2,-29.1
153.2,153.3,-29.4,-29.3
153.3,153.4,-29.4,-29.3
153.0,153.1,-29.5,-29.4
153.1,153.2,-29.5,-29.4
153.2,153.3,-29.5,-29.4
153.3,153.4,-29.5,-29.4
153.2,153.3,-29.6,-29.5
153.3,153.4,-29.6,-29.5
153.2,153.3,-29.7,-29.6
153.3,153.4,-29.7,-29.6
153.2,153.3,-29.9,-29.8
153.2,153.3,-30.0,-29.9
153.1,153.2,-30.1,-30.0
153.2,153.3,-30.1,-30.0
153.1,153.2,-30.2,-30.1
153.1,153.2,-30.3,-30.2
153.0,153.1,-30.4,-30.3
153.1,153.2,-30.4,-30.3
153.0,153.1,-30.5,-30.4
153.0,153.1,-30.6,-30.5
152.9,153.0,-30.7,-30.6
153.0,153.1,-30.7,-30.6
152.8,152.9,-30.8,-30.7
152.9,153.0,-30.8,-30.7
153.0,153.1,-30.8,-30.7
152.9,153.0,-30.9,-30.8
153.0,153.1,-30.9,-30.8
152.9,153.0,-31.0,-30.9
153.0,153.1,-31.0,-30.9
153.0,153.1,-31.1,-31.0
152.7,152.8,-31.4,-31.3
152.8,152.9,-31.4,-31.3
152.9,153.0,-31.4,-31.3
152.7,152.8,-31.5,-31.4
152.8,152.9,-31.5,-31.4
152.9,153.0,-31.5,-31.4
152.7,152.8,-31.7,-31.6
152.8,152.9,-31.7,-31.6
152.4,152.5,-31.9,-31.8
152.5,152.6,-31.9,-31.8
152.6,152.7,-31.9,-31.8
152.4,152.5,-32.0,-31.9
152.5,152.6,-32.0,-31.9
152.6,152.7,-32.0,-31.9
152.3,152.4,-32.2,-32.1
152.4,152.5,-32.2,-32.1
152.5,152.6,-32.2,-32.1
152.3,152.4,-32.3,-32.2
152.4,152.5,-32.3,-32.2
152.5,152.6,-32.3,-32.2
152.4,152.5,-32.4,-32.3
152.5,152.6,-32.4,-32.3
152.0,152.1,-32.7,-32.6
152.1,152.2,-32.7,-32.6
152.0,152.1,-32.8,-32.7
152.1,152.2,-32.8,-32.7
148.2,148.3,-20.1,-20.0
148.4,148.5,-20.1,-20.0
148.5,148.6,-20.1,-20.0
148.2,148.3,-20.2,-20.1
148.3,148.4,-20.2,-20.1
148.4,148.5,-20.2,-20.1
148.5,148.6,-20.2,-20.1
148.6,148.7,-20.2,-20.1
148.9,149.0,-20.2,-20.1
148.4,148.5,-20.3,-20.2
148.5,148.6,-20.3,-20.2
148.6,148.7,-20.3,-20.2
148.7,148.8,-20.3,-20.2
148.9,149.0,-20.3,-20.2
149.0,149.1,-20.3,-20.2
148.7,148.8,-20.4,-20.3
148.8,148.9,-20.4,-20.3
148.9,149.0,-20.4,-20.3
149.0,149.1,-20.4,-20.3
148.6,148.7,-20.5,-20.4
148.7,148.8,-20.5,-20.4
148.8,148.9,-20.5,-20.4
149.0,149.1,-20.5,-20.4
148.6,148.7,-20.6,-20.5
148.7,148.8,-20.6,-20.5
148.8,148.9,-20.6,-20.5
148.6,148.7,-20.7,-20.6
148.7,148.8,-20.7,-20.6
148.6,148.7,-20.8,-20.7
148.7,148.8,-20.8,-20.7
148.8,148.9,-20.8,-20.7
148.7,148.8,-20.9,-20.8
148.8,148.9,-20.9,-20.8
148.9,149.0,-20.9,-20.8
148.8,148.9,-21.0,-20.9
148.9,149.0,-21.0,-20.9
149.0,149.1,-21.0,-20.9
149.1,149.2,-21.0,-20.9
149.3,149.4,-21.0,-20.9
148.9,149.0,-21.1,-21.0
149.0,149.1,-21.1,-21.0
149.1,149.2,-21.1,-21.0
149.2,149.3,-21.1,-21.0
149.1,149.2,-21.2,-21.1
149.2,149.3,-21.2,-21.1
149.1,149.2,-21.3,-21.2
149.2,149.3,-21.3,-21.2
149.1,149.2,-21.4,-21.3
149.2,149.3,-21.4,-21.3
149.3,149.4,-21.4,-21.3
149.2,149.3,-21.5,-21.4
149.3,149.4,-21.5,-21.4
149.4,149.5,-21.5,-21.4
149.2,149.3,-21.6,-21.5
149.3,149.4,-21.6,-21.5
149.4,149.5,-21.6,-21.5
149.4,149.5,-21.7,-21.6
149.4,149.5,-21.8,-21.7
149.4,149.5,-21.9,-21.8
149.4,149.5,-22.0,-21.9
149.5,149.6,-22.0,-21.9
149.5,149.6,-22.1,-22.0
149.8,149.9,-22.1,-22.0
149.9,150.0,-22.1,-22.0
149.5,149.6,-22.2,-22.1
149.8,149.9,-22.2,-22.1
149.9,150.0,-22.2,-22.1
150.0,150.1,-22.2,-22.1
149.5,149.6,-22.3,-22.2
149.6,149.7,-22.3,-22.2
149.8,149.9,-22.3,-22.2
149.9,150.0,-22.3,-22.2
150.0,150.1,-22.3,-22.2
150.1,150.2,-22.3,-22.2
150.4,150.5,-22.3,-22.2
150.5,150.6,-22.3,-22.2
149.5,149.6,-22.4,-22.3
149.6,149.7,-22.4,-22.3
149.7,149.8,-22.4,-22.3
149.8,149.9,-22.4,-22.3
149.9,150.0,-22.4,-22.3
150.0,150.1,-22.4,-22.3
150.1,150.2,-22.4,-22.3
150.2,150.3,-22.4,-22.3
150.3,150.4,-22.4,-22.3
150.4,150.5,-22.4,-22.3
150.5,150.6,-22.4,-22.3
150.6,150.7,-22.4,-22.3
149.5,149.6,-22.5,-22.4
149.6,149.7,-22.5,-22.4
149.7,149.8,-22.5,-22.4
149.8,149.9,-22.5,-22.4
149.9,150.0,-22.5,-22.4
150.2,150.3,-22.5,-22.4
150.3,150.4,-22.5,-22.4
150.4,150.5,-22.5,-22.4
150.5,150.6,-22.5,-22.4
150.6,150.7,-22.5,-22.4
150.7,150.8,-22.5,-22.4
149.6,149.7,-22.6,-22.5
149.7,149.8,-22.6,-22.5
149.8,149.9,-22.6,-22.5
149.9,150.0,-22.6,-22.5
150.0,150.1,-22.6,-22.5
150.3,150.4,-22.6,-22.5
150.4,150.5,-22.6,-22.5
150.5,150.6,-22.6,-22.5
150.6,150.7,-22.6,-22.5
150.7,150.8,-22.6,-22.5
149.9,150.0,-22.7,-22.6
150.0,150.1,-22.7,-22.6
150.4,150.5,-22.7,-22.6
150.5,150.6,-22.7,-22.6
150.6,150.7,-22.7,-22.6
150.7,150.8,-22.7,-22.6
150.7,150.8,-22.9,-22.8
150.7,150.8,-23.0,-22.9
150.7,150.8,-23.1,-23.0
150.7,150.8,-23.2,-23.1
150.9,151.0,-23.2,-23.1
150.7,150.8,-23.3,-23.2
150.8,150.9,-23.3,-23.2
150.5,150.6,-23.4,-23.3
150.7,150.8,-23.4,-23.3
150.8,150.9,-23.4,-23.3
150.5,150.6,-23.5,-23.4
150.6,150.7,-23.5,-23.4
150.7,150.8,-23.5,-23.4
150.8,150.9,-23.5,-23.4
150.9,151.0,-23.5,-23.4
151.0,151.1,-23.5,-23.4
151.1,151.2,-23.5,-23.4
151.2,151.3,-23.5,-23.4
150.6,150.7,-23.6,-23.5
150.7,150.8,-23.6,-23.5
150.8,150.9,-23.6,-23.5
150.9,151.0,-23.6,-23.5
151.0,151.1,-23.6,-23.5
151.1,151.2,-23.6,-23.5
151.2,151.3,-23.6,-23.5
150.6,150.7,-23.7,-23.6
150.7,150.8,-23.7,-23.6
150.8,150.9,-23.7,-23.6
150.9,151.0,-23.7,-23.6
151.0,151.1,-23.7,-23.6
151.1,151.2,-23.7,-23.6
151.2,151.3,-23.7,-23.6
151.1,151.2,-23.8,-23.7
151.2,151.3,-23.8,-23.7
151.3,151.4,-23.8,-23.7
151.1,151.2,-23.9,-23.8
151.2,151.3,-23.9,-23.8
151.3,151.4,-23.9,-23.8
151.1,151.2,-24.0,-23.9
151.2,151.3,-24.0,-23.9
151.3,151.4,-24.0,-23.9
151.4,151.5,-24.0,-23.9
151.6,151.7,-24.0,-23.9
151.3,151.4,-24.1,-24.0
151.4,151.5,-24.1,-24.0
151.5,151.6,-24.1,-24.0
151.6,151.7,-24.1,-24.0
151.7,151.8,-24.1,-24.0
151.4,151.5,-24.2,-24.1
151.5,151.6,-24.2,-24.1
151.6,151.7,-24.2,-24.1
151.7,151.8,-24.2,-24.1
151.8,151.9,-24.2,-24.1
151.8,151.9,-24.3,-24.2
151.9,152.0,-24.4,-24.3
151.9,152.0,-24.5,-24.4
152.0,152.1,-24.5,-24.4
151.9,152.0,-24.6,-24.5
152.0,152.1,-24.6,-24.5
152.1,152.2,-24.6,-24.5
152.0,152.1,-24.7,-24.6
152.1,152.2,-24.7,-24.6
152.2,152.3,-24.7,-24.6
152.1,152.2,-24.8,-24.7
152.2,152.3,-24.8,-24.7
152.3,152.4,-24.8,-24.7
152.4,152.5,-24.8,-24.7
152.2,152.3,-24.9,-24.8
152.3,152.4,-24.9,-24.8
152.4,152.5,-24.9,-24.8
152.4,152.5,-25.0,-24.9
153.2,153.3,-25.0,-24.9
152.5,152.6,-25.1,-25.0
153.2,153.3,-25.1,-25.0
152.4,152.5,-25.2,-25.1
152.5,152.6,-25.2,-25.1
152.6,152.7,-25.2,-25.1
153.0,153.1,-25.2,-25.1
152.4,152.5,-25.3,-25.2
152.5,152.6,-25.3,-25.2
152.6,152.7,-25.3,-25.2
152.7,152.8,-25.3,-25.2
152.8,152.9,-25.3,-25.2
152.9,153.0,-25.3,-25.2
153.0,153.1,-25.3,-25.2
152.8,152.9,-25.4,-25.3
152.9,153.0,-25.4,-25.3
153.0,153.1,-25.4,-25.3
152.7,152.8,-25.5,-25.4
152.8,152.9,-25.5,-25.4
152.9,153.0,-25.5,-25.4
153.0,153.1,-25.5,-25.4
152.6,152.7,-25.6,-25.5
152.7,152.8,-25.6,-25.5
152.8,152.9,-25.6,-25.5
152.9,153.0,-25.6,-25.5
152.8,152.9,-25.7,-25.6
152.9,153.0,-25.7,-25.6
152.8,152.9,-25.8,-25.7
152.9,153.0,-25.8,-25.7
153.0,153.1,-25.8,-25.7
152.8,152.9,-25.9,-25.8
152.9,153.0,-25.9,-25.8
153.0,153.1,-25.9,-25.8
152.9,153.0,-26.0,-25.9
153.0,153.1,-26.0,-25.9
152.9,153.0,-26.3,-26.2
153.0,153.1,-26.3,-26.2
152.9,153.0,-26.4,-26.3
153.0,153.1,-26.4,-26.3
153.0,153.1,-26.5,-26.4
153.0,153.1,-26.6,-26.5
153.0,153.1,-26.7,-26.6
153.1,153.2,-26.7,-26.6
153.1,153.2,-26.8,-26.7
153.0,153.1,-26.9,-26.8
153.1,153.2,-26.9,-26.8
153.0,153.1,-27.0,-26.9
153.1,153.2,-27.0,-26.9
